game_id,season,date,seasontype,home,away,home_q1,home_q2,home_q3,home_q4,away_q1,away_q2,away_q3,away_q4,home_final,away_final,home_winner,fav,provider,home_ml,away_ml,spread,total,details
401591869,2023-24,2023-10-05,preseason,MIN,DAL,37.0,29.0,21.0,24.0,19.0,30.0,25.0,25.0,111.0,99.0,True,AWAY,Caesars Sportsbook (Colorado),105,-125,1.0,222.5,DAL -1
401591870,2023-24,2023-10-07,preseason,DAL,MIN,20.0,23.0,27.0,26.0,29.0,24.0,28.0,23.0,96.0,104.0,False,AWAY,Caesars Sportsbook (Colorado),150,-175,4.0,219.0,MIN -4
401591871,2023-24,2023-10-08,preseason,GS,LAL,29.0,32.0,34.0,30.0,23.0,31.0,29.0,25.0,125.0,108.0,True,HOME,Caesars Sportsbook (Colorado),-170,145,-4.0,221.5,GS -4
401591872,2023-24,2023-10-08,preseason,MIL,CHI,21.0,29.0,28.0,27.0,30.0,21.0,31.0,20.0,105.0,102.0,True,AWAY,Caesars Sportsbook (Colorado),125,-145,2.5,220.5,CHI -2.5
401591873,2023-24,2023-10-08,preseason,DET,PHX,29.0,30.0,25.0,38.0,46.0,24.0,34.0,18.0,126.0,130.0,False,AWAY,Caesars Sportsbook (Colorado),170,-200,5.0,220.5,PHX -5
401591874,2023-24,2023-10-08,preseason,BOS,PHI,20.0,39.0,22.0,33.0,29.0,28.0,23.0,26.0,114.0,106.0,True,HOME,Caesars Sportsbook (Colorado),-280,230,-7.0,217.0,BOS -7
401591875,2023-24,2023-10-09,preseason,MEM,IND,34.0,32.0,25.0,23.0,32.0,27.0,32.0,23.0,127.0,122.0,True,HOME,Caesars Sportsbook (Colorado),-170,145,-4.0,225.5,MEM -4
401591876,2023-24,2023-10-09,preseason,TOR,SAC,35.0,34.0,26.0,17.0,35.0,20.0,19.0,25.0,112.0,99.0,True,HOME,Caesars Sportsbook (Colorado),-115,-105,-1.0,226.0,TOR -1
401591877,2023-24,2023-10-09,preseason,LAC,UTAH,27.0,23.0,16.0,30.0,24.0,19.0,26.0,32.0,96.0,101.0,False,HOME,Caesars Sportsbook (Colorado),-130,110,-2.0,224.5,LAC -2
401591878,2023-24,2023-10-09,preseason,NY,BOS,28.0,29.0,34.0,23.0,29.0,22.0,34.0,22.0,114.0,107.0,True,HOME,Caesars Sportsbook (Colorado),-300,240,-8.0,219.0,NY -8
401591879,2023-24,2023-10-10,preseason,OKC,SA,30.0,44.0,30.0,18.0,43.0,38.0,17.0,23.0,122.0,121.0,True,HOME,Caesars Sportsbook (Colorado),-190,160,-4.5,226.0,OKC -4.5
401591880,2023-24,2023-10-10,preseason,LAL,BKN,34.0,41.0,35.0,19.0,35.0,26.0,41.0,24.0,129.0,126.0,True,HOME,Caesars Sportsbook (Colorado),-220,180,-5.5,224.5,LAL -5.5
401591882,2023-24,2023-10-10,preseason,WSH,CNS,44.0,38.0,34.0,29.0,23.0,23.0,22.0,14.0,145.0,82.0,True,HOME,Caesars Sportsbook (Colorado),-10000,2000,-23.0,223.5,WSH -23
401591883,2023-24,2023-10-10,preseason,ATL,CLE,26.0,31.0,20.0,31.0,25.0,20.0,35.0,27.0,108.0,107.0,True,HOME,Caesars Sportsbook (Colorado),-135,115,-2.0,229.0,ATL -2
401591884,2023-24,2023-10-10,preseason,MIA,CHA,25.0,28.0,25.0,35.0,22.0,30.0,28.0,29.0,113.0,109.0,True,HOME,Caesars Sportsbook (Colorado),-110,-110,-2.0,222.0,MIA -2
401608099,2023-24,2023-10-10,preseason,REAL,DAL,38.0,27.0,25.0,37.0,37.0,34.0,28.0,24.0,127.0,123.0,True,AWAY,Caesars Sportsbook (Colorado),125,-145,2.5,213.5,DAL -2.5
401591885,2023-24,2023-10-11,preseason,HOU,IND,29.0,31.0,26.0,36.0,31.0,24.0,25.0,23.0,122.0,103.0,True,HOME,Caesars Sportsbook (Colorado),-170,145,-4.0,228.0,HOU -4
401591886,2023-24,2023-10-11,preseason,MEM,MIL,25.0,26.0,25.0,32.0,28.0,25.0,18.0,31.0,108.0,102.0,True,HOME,Caesars Sportsbook (Colorado),-200,170,-3.5,223.5,MEM -3.5
401591887,2023-24,2023-10-11,preseason,NO,ORL,38.0,30.0,19.0,18.0,26.0,41.0,21.0,34.0,105.0,122.0,False,HOME,Caesars Sportsbook (Colorado),-150,130,-4.0,225.0,NO -4
401591888,2023-24,2023-10-11,preseason,LAC,UTAH,29.0,20.0,23.0,31.0,21.0,18.0,30.0,29.0,103.0,98.0,True,HOME,Caesars Sportsbook (Colorado),-170,145,-3.5,219.5,LAC -3.5
401591889,2023-24,2023-10-11,preseason,PHX,DEN,23.0,25.0,29.0,30.0,25.0,30.0,32.0,28.0,107.0,115.0,False,AWAY,Caesars Sportsbook (Colorado),145,-170,4.0,224.0,DEN -4
401591890,2023-24,2023-10-11,preseason,POR,NZL,23.0,25.0,20.0,38.0,23.0,16.0,11.0,16.0,106.0,66.0,True,HOME,Caesars Sportsbook (Colorado),-4500,1500,-21.0,221.0,POR -21
401591891,2023-24,2023-10-11,preseason,PHI,BOS,31.0,28.0,16.0,26.0,35.0,32.0,23.0,22.0,101.0,112.0,False,AWAY,Caesars Sportsbook (Colorado),120,-140,2.5,218.0,BOS -2.5
401591892,2023-24,2023-10-12,preseason,LAL,SAC,30.0,20.0,40.0,19.0,28.0,23.0,28.0,22.0,109.0,101.0,True,AWAY,Caesars Sportsbook (Colorado),160,-190,5.0,224.0,SAC -5
401591893,2023-24,2023-10-12,preseason,CLE,ORL,31.0,20.0,25.0,29.0,31.0,32.0,25.0,20.0,105.0,108.0,False,HOME,Caesars Sportsbook (Colorado),-140,120,-2.0,216.0,CLE -2
401591894,2023-24,2023-10-12,preseason,OKC,DET,34.0,40.0,28.0,23.0,28.0,30.0,32.0,38.0,125.0,128.0,False,HOME,Caesars Sportsbook (Colorado),-270,220,-6.5,227.0,OKC -6.5
401591895,2023-24,2023-10-12,preseason,WSH,CHA,23.0,22.0,18.0,35.0,30.0,22.0,23.0,17.0,98.0,92.0,True,HOME,Caesars Sportsbook (Colorado),-135,115,-2.5,227.5,WSH -2.5
401591896,2023-24,2023-10-12,preseason,ATL,MEM,29.0,30.0,25.0,19.0,31.0,19.0,23.0,29.0,103.0,102.0,True,HOME,Caesars Sportsbook (Colorado),-160,140,-4.5,221.0,ATL -4.5
401591897,2023-24,2023-10-12,preseason,BKN,MRC,34.0,40.0,30.0,31.0,39.0,21.0,25.0,18.0,135.0,103.0,True,HOME,Caesars Sportsbook (Colorado),,,-36.5,219.0,BKN -36.5
401591898,2023-24,2023-10-13,preseason,CHI,DEN,33.0,23.0,33.0,23.0,33.0,23.0,23.0,33.0,133.0,124.0,True,HOME,Caesars Sportsbook (Colorado),-150,130,-2.5,218.5,CHI -2.5
401591899,2023-24,2023-10-13,preseason,NO,HOU,26.0,14.0,21.0,26.0,33.0,23.0,29.0,35.0,87.0,120.0,False,HOME,Caesars Sportsbook (Colorado),-145,125,-3.0,225.0,NO -3
401591900,2023-24,2023-10-13,preseason,POR,PHX,40.0,15.0,33.0,23.0,37.0,39.0,15.0,31.0,111.0,122.0,False,AWAY,Caesars Sportsbook (Colorado),160,-190,5.0,219.5,PHX -5
401591901,2023-24,2023-10-13,preseason,SA,MIA,24.0,35.0,27.0,34.0,25.0,31.0,28.0,20.0,120.0,104.0,True,HOME,Caesars Sportsbook (Colorado),-300,240,-8.0,222.0,SA -8
401591902,2023-24,2023-10-14,preseason,LAL,GS,37.0,33.0,30.0,25.0,32.0,31.0,37.0,29.0,125.0,129.0,False,HOME,Caesars Sportsbook (Colorado),-130,110,-2.0,229.5,LAL -2
401591903,2023-24,2023-10-14,preseason,ATL,NO,28.0,26.0,28.0,28.0,21.0,15.0,35.0,34.0,110.0,105.0,True,AWAY,Caesars Sportsbook (Colorado),-105,-115,0.0,225.0,EVEN
401591904,2023-24,2023-10-14,preseason,NY,MIN,30.0,24.0,30.0,28.0,28.0,29.0,27.0,37.0,112.0,121.0,False,HOME,Caesars Sportsbook (Colorado),-160,140,-3.5,218.0,NY -3.5
401591905,2023-24,2023-10-15,preseason,UTAH,POR,40.0,35.0,36.0,27.0,34.0,28.0,35.0,36.0,138.0,133.0,True,HOME,Caesars Sportsbook (Colorado),-190,160,-5.0,221.5,UTAH -5
401591906,2023-24,2023-10-15,preseason,CHA,OKC,29.0,38.0,31.0,19.0,27.0,34.0,26.0,28.0,117.0,115.0,True,HOME,Caesars Sportsbook (Colorado),-180,155,-4.5,225.0,CHA -4.5
401591907,2023-24,2023-10-15,preseason,MIA,MEM,27.0,31.0,40.0,34.0,31.0,37.0,33.0,23.0,132.0,124.0,True,AWAY,Caesars Sportsbook (Colorado),100,-120,1.5,222.0,MEM -1.5
401591908,2023-24,2023-10-15,preseason,TOR,CNS,38.0,33.0,33.0,30.0,17.0,27.0,39.0,10.0,134.0,93.0,True,HOME,Caesars Sportsbook (Colorado),,,-34.5,229.5,TOR -34.5
401591909,2023-24,2023-10-15,preseason,LAL,MIL,29.0,24.0,26.0,18.0,28.0,28.0,30.0,22.0,97.0,108.0,False,AWAY,Caesars Sportsbook (Colorado),170,-200,6.0,228.5,MIL -6
401591910,2023-24,2023-10-16,preseason,DEN,CHI,25.0,34.0,28.0,29.0,24.0,28.0,25.0,25.0,116.0,102.0,True,HOME,Caesars Sportsbook (Colorado),-290,235,-7.5,220.5,DEN -7.5
401591911,2023-24,2023-10-16,preseason,SAC,GS,38.0,21.0,24.0,28.0,25.0,31.0,27.0,28.0,115.0,121.0,False,HOME,Caesars Sportsbook (Colorado),-280,230,-7.5,228.0,SAC -7.5
401591912,2023-24,2023-10-16,preseason,CLE,MRC,31.0,34.0,31.0,24.0,19.0,23.0,27.0,20.0,120.0,89.0,True,HOME,Caesars Sportsbook (Colorado),,,-28.5,219.5,CLE -28.5
401591913,2023-24,2023-10-16,preseason,IND,ATL,30.0,43.0,21.0,22.0,31.0,15.0,35.0,31.0,116.0,112.0,True,HOME,Caesars Sportsbook (Colorado),-220,180,-6.0,225.0,IND -6
401591914,2023-24,2023-10-16,preseason,BKN,PHI,21.0,30.0,32.0,36.0,34.0,34.0,28.0,31.0,119.0,127.0,False,HOME,Caesars Sportsbook (Colorado),-120,100,-1.5,220.5,BKN -1.5
401591915,2023-24,2023-10-17,preseason,SA,HOU,35.0,17.0,24.0,13.0,26.0,17.0,20.0,36.0,89.0,99.0,False,AWAY,Caesars Sportsbook (Colorado),180,-220,6.0,226.5,HOU -6
401591916,2023-24,2023-10-17,preseason,UTAH,NZL,31.0,28.0,25.0,30.0,11.0,32.0,22.0,29.0,114.0,94.0,True,HOME,Caesars Sportsbook (Colorado),,,-37.0,220.5,UTAH -37
401591917,2023-24,2023-10-17,preseason,PHX,POR,36.0,40.0,23.0,18.0,23.0,31.0,25.0,27.0,117.0,106.0,True,HOME,Caesars Sportsbook (Colorado),-350,280,-9.0,230.5,PHX -9
401591918,2023-24,2023-10-17,preseason,ORL,NO,26.0,29.0,21.0,16.0,25.0,28.0,24.0,27.0,92.0,104.0,False,HOME,Caesars Sportsbook (Colorado),-125,105,-1.5,223.5,ORL -1.5
401591919,2023-24,2023-10-17,preseason,BOS,NY,41.0,37.0,22.0,23.0,30.0,30.0,28.0,22.0,123.0,110.0,True,HOME,Caesars Sportsbook (Colorado),-380,300,-10.0,218.5,BOS -10
401591920,2023-24,2023-10-18,preseason,CHI,TOR,25.0,26.0,26.0,25.0,23.0,31.0,22.0,30.0,102.0,106.0,False,HOME,Caesars Sportsbook (Colorado),-160,140,-3.5,226.0,CHI -3.5
401591921,2023-24,2023-10-18,preseason,MIN,MRC,33.0,39.0,36.0,30.0,38.0,22.0,38.0,13.0,138.0,111.0,True,HOME,Caesars Sportsbook (Colorado),,,-30.5,218.5,MIN -30.5
401591922,2023-24,2023-10-18,preseason,OKC,MIL,27.0,32.0,37.0,28.0,19.0,35.0,23.0,24.0,124.0,101.0,True,HOME,Caesars Sportsbook (Colorado),-140,120,-2.0,227.5,OKC -2
401591923,2023-24,2023-10-18,preseason,LAC,DEN,25.0,35.0,31.0,25.0,25.0,26.0,21.0,31.0,116.0,103.0,True,HOME,Caesars Sportsbook (Colorado),-280,230,-8.5,220.5,LAC -8.5
401591924,2023-24,2023-10-18,preseason,MIA,BKN,34.0,25.0,18.0,27.0,29.0,29.0,21.0,28.0,104.0,107.0,False,AWAY,Caesars Sportsbook (Colorado),100,-120,1.5,224.5,BKN -1.5
401591925,2023-24,2023-10-18,preseason,NY,WSH,31.0,21.0,30.0,24.0,29.0,36.0,30.0,36.0,106.0,131.0,False,HOME,Caesars Sportsbook (Colorado),-260,210,-7.0,225.0,NY -7
401591926,2023-24,2023-10-19,preseason,SA,HOU,32.0,28.0,23.0,34.0,13.0,31.0,31.0,28.0,117.0,103.0,True,HOME,Caesars Sportsbook (Colorado),-220,180,-5.5,223.5,SA -5.5
401591927,2023-24,2023-10-19,preseason,GS,SAC,22.0,27.0,27.0,40.0,23.0,33.0,33.0,26.0,116.0,115.0,True,HOME,Caesars Sportsbook (Colorado),-250,205,-6.5,230.5,GS -6.5
401591928,2023-24,2023-10-19,preseason,CHA,BOS,19.0,21.0,25.0,34.0,34.0,32.0,34.0,27.0,99.0,127.0,False,AWAY,Caesars Sportsbook (Colorado),220,-270,6.5,230.0,BOS -6.5
401591929,2023-24,2023-10-20,preseason,CHI,MIN,20.0,31.0,25.0,29.0,28.0,24.0,36.0,26.0,105.0,114.0,False,AWAY,Caesars Sportsbook (Colorado),-105,-115,1.5,222.0,MIN -1.5
401591930,2023-24,2023-10-20,preseason,OKC,DET,23.0,31.0,36.0,26.0,27.0,22.0,39.0,30.0,116.0,118.0,False,HOME,Caesars Sportsbook (Colorado),-160,140,-4.0,226.0,OKC -4
401591931,2023-24,2023-10-20,preseason,LAL,PHX,20.0,38.0,15.0,27.0,24.0,30.0,35.0,34.0,100.0,123.0,False,HOME,Caesars Sportsbook (Colorado),-140,120,-2.5,231.0,LAL -2.5
401591932,2023-24,2023-10-20,preseason,LAC,DEN,23.0,30.0,18.0,19.0,24.0,29.0,25.0,25.0,90.0,103.0,False,AWAY,Caesars Sportsbook (Colorado),170,-200,6.0,224.5,DEN -6
401591933,2023-24,2023-10-20,preseason,SAC,UTAH,27.0,27.0,25.0,37.0,26.0,23.0,36.0,28.0,116.0,113.0,True,AWAY,Caesars Sportsbook (Colorado),145,-170,4.0,220.5,UTAH -4
401591934,2023-24,2023-10-20,preseason,IND,CLE,26.0,30.0,27.0,26.0,26.0,25.0,29.0,24.0,109.0,104.0,True,HOME,Caesars Sportsbook (Colorado),-120,100,-1.0,224.5,IND -1
401591935,2023-24,2023-10-20,preseason,ORL,FLMG,30.0,35.0,20.0,24.0,14.0,22.0,20.0,20.0,109.0,76.0,True,UNKNOWN,none,,,,,
401591936,2023-24,2023-10-20,preseason,PHI,ATL,24.0,25.0,38.0,33.0,25.0,36.0,30.0,15.0,120.0,106.0,True,HOME,Caesars Sportsbook (Colorado),-130,110,-1.5,225.0,PHI -1.5
401591937,2023-24,2023-10-20,preseason,TOR,WSH,31.0,27.0,43.0,33.0,24.0,28.0,22.0,24.0,134.0,98.0,True,HOME,Caesars Sportsbook (Colorado),-250,205,-7.5,220.0,TOR -7.5
401591938,2023-24,2023-10-21,preseason,DAL,DET,40.0,19.0,32.0,23.0,27.0,25.0,18.0,34.0,114.0,104.0,True,HOME,Caesars Sportsbook (Colorado),-210,175,-5.5,222.0,DAL -5.5
401591939,2023-24,2023-10-21,preseason,HOU,MIA,30.0,36.0,15.0,29.0,31.0,21.0,19.0,33.0,110.0,104.0,True,HOME,Caesars Sportsbook (Colorado),-150,130,-4.0,219.5,HOU -4
401591940,2023-24,2023-10-21,preseason,MIL,MEM,29.0,23.0,33.0,39.0,23.0,35.0,36.0,22.0,124.0,116.0,True,HOME,Caesars Sportsbook (Colorado),-210,175,-5.5,225.5,MIL -5.5
401591941,2023-24,2023-10-21,preseason,GS,SA,35.0,28.0,28.0,26.0,44.0,28.0,26.0,24.0,117.0,122.0,False,HOME,Caesars Sportsbook (Colorado),-210,175,-6.0,228.0,GS -6
401584689,2023-24,2023-10-24,regular-season,DEN,LAL,34.0,29.0,24.0,32.0,20.0,34.0,26.0,27.0,119.0,107.0,True,HOME,Caesars Sportsbook (Colorado),-190,158,-4.5,229.0,DEN -4.5
401584690,2023-24,2023-10-25,regular-season,GS,PHX,28.0,18.0,40.0,18.0,28.0,33.0,19.0,28.0,104.0,108.0,False,HOME,Caesars Sportsbook (Colorado),-150,126,-3.0,235.0,GS -3
401584691,2023-24,2023-10-25,regular-season,CHA,ATL,25.0,26.0,27.0,38.0,29.0,23.0,21.0,37.0,116.0,110.0,True,AWAY,Caesars Sportsbook (Colorado),158,-190,4.0,236.0,ATL -4
401584692,2023-24,2023-10-25,regular-season,IND,WSH,34.0,39.0,37.0,33.0,39.0,29.0,28.0,24.0,143.0,120.0,True,HOME,Caesars Sportsbook (Colorado),-195,162,-5.0,235.5,IND -5
401584693,2023-24,2023-10-25,regular-season,NY,BOS,18.0,28.0,27.0,31.0,30.0,21.0,31.0,26.0,104.0,108.0,False,AWAY,Caesars Sportsbook (Colorado),148,-175,4.0,223.0,BOS -4
401584694,2023-24,2023-10-25,regular-season,ORL,HOU,29.0,25.0,33.0,29.0,20.0,23.0,26.0,17.0,116.0,86.0,True,HOME,Caesars Sportsbook (Colorado),-190,158,-4.5,220.0,ORL -4.5
401584695,2023-24,2023-10-25,regular-season,BKN,CLE,32.0,31.0,24.0,26.0,37.0,26.0,27.0,24.0,113.0,114.0,False,AWAY,Caesars Sportsbook (Colorado),115,-135,2.0,218.0,CLE -2
401584696,2023-24,2023-10-25,regular-season,MIA,DET,26.0,32.0,25.0,20.0,29.0,18.0,28.0,27.0,103.0,102.0,True,HOME,Caesars Sportsbook (Colorado),-440,335,-9.5,218.0,MIA -9.5
401584697,2023-24,2023-10-25,regular-season,TOR,MIN,25.0,28.0,20.0,24.0,25.0,26.0,23.0,20.0,97.0,94.0,True,HOME,Caesars Sportsbook (Colorado),-115,-105,-1.0,220.5,TOR -1
401584698,2023-24,2023-10-26,regular-season,CHI,OKC,35.0,20.0,27.0,22.0,33.0,28.0,30.0,33.0,104.0,124.0,False,HOME,Caesars Sportsbook (Colorado),-150,126,-2.5,224.0,CHI -2.5
401584699,2023-24,2023-10-26,regular-season,MEM,NO,28.0,19.0,23.0,34.0,25.0,32.0,25.0,29.0,104.0,111.0,False,HOME,Caesars Sportsbook (Colorado),-120,100,-1.0,224.0,MEM -1
401584700,2023-24,2023-10-26,regular-season,UTAH,SAC,24.0,34.0,29.0,27.0,32.0,40.0,33.0,25.0,114.0,130.0,False,AWAY,Caesars Sportsbook (Colorado),110,-130,1.5,234.0,SAC -1.5
401584701,2023-24,2023-10-26,regular-season,SA,DAL,43.0,25.0,23.0,28.0,36.0,28.0,32.0,30.0,119.0,126.0,False,AWAY,Caesars Sportsbook (Colorado),158,-190,4.5,231.5,DAL -4.5
401584702,2023-24,2023-10-26,regular-season,LAC,POR,29.0,38.0,32.0,24.0,20.0,27.0,26.0,38.0,123.0,111.0,True,HOME,Caesars Sportsbook (Colorado),-480,360,-9.5,225.0,LAC -9.5
401584703,2023-24,2023-10-26,regular-season,MIL,PHI,30.0,33.0,25.0,30.0,23.0,31.0,31.0,32.0,118.0,117.0,True,HOME,Caesars Sportsbook (Colorado),-250,205,-6.0,228.0,MIL -6
401584704,2023-24,2023-10-27,regular-season,LAL,PHX,18.0,30.0,24.0,28.0,30.0,22.0,32.0,11.0,100.0,95.0,True,HOME,Caesars Sportsbook (Colorado),-250,205,-6.0,226.5,LAL -6
401584705,2023-24,2023-10-27,regular-season,CHA,DET,21.0,26.0,28.0,24.0,32.0,22.0,29.0,28.0,99.0,111.0,False,HOME,Caesars Sportsbook (Colorado),-190,158,-4.5,227.0,CHA -4.5
401584706,2023-24,2023-10-27,regular-season,MEM,DEN,18.0,38.0,23.0,25.0,25.0,36.0,28.0,19.0,104.0,108.0,False,AWAY,Caesars Sportsbook (Colorado),192,-235,6.5,221.5,DEN -6.5
401584707,2023-24,2023-10-27,regular-season,ATL,NY,31.0,30.0,31.0,28.0,35.0,34.0,31.0,26.0,120.0,126.0,False,AWAY,Caesars Sportsbook (Colorado),100,-120,1.5,229.5,NY -1.5
401584708,2023-24,2023-10-27,regular-season,BOS,MIA,25.0,35.0,27.0,32.0,28.0,27.0,33.0,23.0,119.0,111.0,True,HOME,Caesars Sportsbook (Colorado),-355,278,-8.5,217.5,BOS -8.5
401584709,2023-24,2023-10-27,regular-season,CLE,OKC,26.0,16.0,33.0,30.0,31.0,21.0,27.0,29.0,105.0,108.0,False,HOME,Caesars Sportsbook (Colorado),-135,115,-2.5,226.5,CLE -2.5
401584710,2023-24,2023-10-28,regular-season,CHI,TOR,24.0,18.0,23.0,28.0,18.0,17.0,33.0,25.0,104.0,103.0,True,HOME,Caesars Sportsbook (Colorado),-140,118,-2.5,216.0,CHI -2.5
401584711,2023-24,2023-10-28,regular-season,SA,HOU,25.0,27.0,24.0,35.0,23.0,29.0,31.0,28.0,126.0,122.0,True,HOME,Caesars Sportsbook (Colorado),-165,140,-3.0,224.5,SA -3
401584712,2023-24,2023-10-28,regular-season,DAL,BKN,26.0,31.0,31.0,37.0,25.0,34.0,30.0,31.0,125.0,120.0,True,HOME,Caesars Sportsbook (Colorado),-260,210,-6.0,230.0,DAL -6
401584713,2023-24,2023-10-28,regular-season,UTAH,LAC,33.0,30.0,26.0,31.0,30.0,24.0,29.0,35.0,120.0,118.0,True,AWAY,Caesars Sportsbook (Colorado),143,-170,4.0,228.0,LAC -4
401584714,2023-24,2023-10-28,regular-season,POR,ORL,26.0,29.0,25.0,17.0,31.0,32.0,19.0,20.0,97.0,102.0,False,AWAY,Caesars Sportsbook (Colorado),140,-165,4.0,220.5,ORL -4
401584715,2023-24,2023-10-28,regular-season,SAC,GS,29.0,28.0,27.0,30.0,24.0,36.0,39.0,23.0,114.0,122.0,False,HOME,Caesars Sportsbook (Colorado),-170,143,-3.5,237.0,SAC -3.5
401584716,2023-24,2023-10-28,regular-season,DET,CHI,29.0,28.0,27.0,34.0,26.0,18.0,33.0,25.0,118.0,102.0,True,AWAY,Caesars Sportsbook (Colorado),118,-140,2.5,213.5,CHI -2.5
401584717,2023-24,2023-10-28,regular-season,WSH,MEM,25.0,37.0,30.0,21.0,22.0,24.0,34.0,26.0,113.0,106.0,True,AWAY,Caesars Sportsbook (Colorado),-105,-115,1.0,229.0,MEM -1
401584718,2023-24,2023-10-28,regular-season,NO,NY,26.0,29.0,22.0,19.0,12.0,25.0,31.0,19.0,96.0,87.0,True,HOME,Caesars Sportsbook (Colorado),-140,118,-3.0,223.5,NO -3
401584719,2023-24,2023-10-28,regular-season,CLE,IND,37.0,12.0,38.0,26.0,31.0,29.0,31.0,34.0,113.0,125.0,False,AWAY,Caesars Sportsbook,152,-180,1.5,219.5,IND -1.5
401584720,2023-24,2023-10-28,regular-season,TOR,PHI,36.0,23.0,20.0,28.0,27.0,29.0,35.0,23.0,107.0,114.0,False,AWAY,Caesars Sportsbook (Colorado),170,-205,5.0,214.0,PHI -5
401584721,2023-24,2023-10-29,regular-season,MIN,MIA,26.0,29.0,25.0,26.0,31.0,22.0,20.0,17.0,106.0,90.0,True,HOME,Caesars Sportsbook,-345,270,-8.0,215.0,MIN -8
401584722,2023-24,2023-10-29,regular-season,PHX,UTAH,37.0,29.0,40.0,20.0,27.0,23.0,28.0,26.0,126.0,104.0,True,HOME,Caesars Sportsbook (Colorado),-220,180,-5.5,223.0,PHX -5.5
401584723,2023-24,2023-10-29,regular-season,OKC,DEN,23.0,28.0,24.0,20.0,34.0,35.0,28.0,31.0,95.0,128.0,False,AWAY,Caesars Sportsbook (Colorado),140,-165,3.5,229.5,DEN -3.5
401584724,2023-24,2023-10-29,regular-season,HOU,GS,24.0,23.0,28.0,20.0,26.0,31.0,24.0,25.0,95.0,106.0,False,AWAY,Caesars Sportsbook,220,-270,4.5,225.0,GS -4.5
401584725,2023-24,2023-10-29,regular-season,MIL,ATL,25.0,22.0,33.0,30.0,31.0,37.0,33.0,26.0,110.0,127.0,False,HOME,Caesars Sportsbook,-260,210,-6.5,238.5,MIL -6.5
401584726,2023-24,2023-10-29,regular-season,PHI,POR,36.0,30.0,33.0,27.0,28.0,32.0,21.0,17.0,126.0,98.0,True,HOME,Caesars Sportsbook,-385,300,-9.0,217.0,PHI -9
401584727,2023-24,2023-10-30,regular-season,LAC,SA,23.0,33.0,37.0,30.0,17.0,20.0,23.0,23.0,123.0,83.0,True,HOME,Caesars Sportsbook,-400,310,-9.5,228.5,LAC -9.5
401584728,2023-24,2023-10-30,regular-season,SAC,LAL,41.0,25.0,21.0,28.0,28.0,27.0,28.0,32.0,132.0,127.0,True,HOME,Caesars Sportsbook,-140,118,-2.5,234.0,SAC -2.5
401584729,2023-24,2023-10-30,regular-season,CHA,BKN,23.0,32.0,28.0,38.0,42.0,24.0,33.0,34.0,121.0,133.0,False,AWAY,Caesars Sportsbook,,,1.0,229.5,BKN -1
401584730,2023-24,2023-10-30,regular-season,IND,CHI,30.0,25.0,28.0,22.0,27.0,26.0,25.0,34.0,105.0,112.0,False,HOME,Caesars Sportsbook,,,-3.0,229.5,IND -3
401584731,2023-24,2023-10-30,regular-season,WSH,BOS,19.0,32.0,24.0,32.0,42.0,35.0,31.0,18.0,107.0,126.0,False,AWAY,Caesars Sportsbook,,,10.0,229.0,BOS -10
401584732,2023-24,2023-10-30,regular-season,ATL,MIN,35.0,25.0,38.0,29.0,42.0,37.0,19.0,15.0,127.0,113.0,True,AWAY,Caesars Sportsbook,,,2.5,230.5,MIN -2.5
401584733,2023-24,2023-10-30,regular-season,TOR,POR,25.0,25.0,24.0,17.0,21.0,26.0,33.0,19.0,91.0,99.0,False,HOME,Caesars Sportsbook,,,-8.5,216.5,TOR -8.5
401584734,2023-24,2023-10-31,regular-season,MEM,DAL,36.0,25.0,25.0,24.0,30.0,37.0,30.0,28.0,110.0,125.0,False,AWAY,Caesars Sportsbook,,,2.5,228.5,DAL -2.5
401584735,2023-24,2023-10-31,regular-season,MIL,MIA,28.0,34.0,35.0,25.0,28.0,24.0,21.0,41.0,122.0,114.0,True,HOME,Caesars Sportsbook,,,-5.5,224.5,MIL -5.5
401584736,2023-24,2023-10-31,regular-season,NO,GS,27.0,30.0,21.0,24.0,29.0,30.0,39.0,32.0,102.0,130.0,False,HOME,Caesars Sportsbook,-170,143,-4.0,226.0,NO -4
401584737,2023-24,2023-10-31,regular-season,OKC,DET,33.0,26.0,32.0,33.0,21.0,26.0,32.0,33.0,124.0,112.0,True,HOME,Caesars Sportsbook,,,-5.5,225.5,OKC -5.5
401584738,2023-24,2023-10-31,regular-season,DEN,UTAH,31.0,27.0,22.0,30.0,21.0,24.0,24.0,33.0,110.0,102.0,True,HOME,Caesars Sportsbook,,,-8.0,227.5,DEN -8
401584739,2023-24,2023-10-31,regular-season,LAL,ORL,29.0,25.0,27.0,25.0,24.0,34.0,22.0,23.0,106.0,103.0,True,HOME,Caesars Sportsbook,,,-2.0,218.5,LAL -2
401584740,2023-24,2023-10-31,regular-season,CLE,NY,24.0,28.0,16.0,23.0,28.0,30.0,28.0,23.0,91.0,109.0,False,AWAY,Caesars Sportsbook (Colorado),105,-125,1.5,214.0,NY -1.5
401584741,2023-24,2023-11-01,regular-season,PHX,SA,27.0,36.0,32.0,19.0,18.0,27.0,37.0,33.0,114.0,115.0,False,HOME,Caesars Sportsbook (Colorado),-285,228,-7.0,225.5,PHX -7
401584742,2023-24,2023-11-01,regular-season,LAC,ORL,13.0,34.0,41.0,30.0,18.0,32.0,21.0,31.0,118.0,102.0,True,HOME,Caesars Sportsbook (Colorado),-250,205,-6.5,220.0,LAC -6.5
401584743,2023-24,2023-11-01,regular-season,DET,POR,32.0,27.0,25.0,17.0,26.0,21.0,36.0,27.0,101.0,110.0,False,HOME,Caesars Sportsbook (Colorado),-165,140,-3.5,216.0,DET -3.5
401584744,2023-24,2023-11-01,regular-season,TOR,MIL,31.0,35.0,29.0,35.0,18.0,26.0,35.0,32.0,130.0,111.0,True,AWAY,Caesars Sportsbook (Colorado),170,-205,4.0,223.5,MIL -4
401584745,2023-24,2023-11-01,regular-season,ATL,WSH,25.0,34.0,40.0,31.0,30.0,21.0,31.0,39.0,130.0,121.0,True,HOME,Caesars Sportsbook (Colorado),-455,345,-9.5,240.5,ATL -9.5
401584746,2023-24,2023-11-01,regular-season,BOS,IND,44.0,31.0,34.0,46.0,27.0,27.0,17.0,33.0,155.0,104.0,True,HOME,Caesars Sportsbook (Colorado),-800,550,-13.5,233.0,BOS -13.5
401584747,2023-24,2023-11-01,regular-season,MIA,BKN,32.0,24.0,27.0,22.0,29.0,17.0,29.0,34.0,105.0,109.0,False,HOME,Caesars Sportsbook (Colorado),-260,210,-7.0,222.5,MIA -7
401584748,2023-24,2023-11-01,regular-season,NY,CLE,22.0,28.0,13.0,26.0,24.0,25.0,22.0,24.0,89.0,95.0,False,HOME,Caesars Sportsbook (Colorado),-225,185,-5.5,210.0,NY -5.5
401584749,2023-24,2023-11-01,regular-season,OKC,NO,33.0,18.0,26.0,29.0,14.0,29.0,35.0,32.0,106.0,110.0,False,HOME,Caesars Sportsbook (Colorado),-165,140,-3.5,227.0,OKC -3.5
401584750,2023-24,2023-11-02,regular-season,HOU,CHA,39.0,22.0,25.0,42.0,27.0,31.0,20.0,41.0,128.0,119.0,True,HOME,Caesars Sportsbook (Colorado),-150,126,-3.0,222.0,HOU -3
401584751,2023-24,2023-11-02,regular-season,MIN,DEN,28.0,35.0,26.0,21.0,21.0,23.0,28.0,17.0,110.0,89.0,True,AWAY,Caesars Sportsbook (Colorado),118,-140,2.0,220.0,DEN -2
401584752,2023-24,2023-11-02,regular-season,DAL,CHI,26.0,23.0,32.0,33.0,23.0,27.0,33.0,22.0,114.0,105.0,True,HOME,Caesars Sportsbook (Colorado),-165,140,-3.5,220.5,DAL -3.5
401584753,2023-24,2023-11-02,regular-season,UTAH,MEM,42.0,37.0,25.0,29.0,19.0,27.0,33.0,30.0,133.0,109.0,True,HOME,Caesars Sportsbook (Colorado),-140,118,-1.5,225.5,UTAH -1.5
401584754,2023-24,2023-11-02,regular-season,GS,SAC,28.0,28.0,18.0,28.0,31.0,24.0,24.0,22.0,102.0,101.0,True,HOME,Caesars Sportsbook (Colorado),-278,222,-7.0,227.5,GS -7
401584755,2023-24,2023-11-02,regular-season,LAL,LAC,24.0,24.0,39.0,30.0,37.0,24.0,24.0,32.0,130.0,125.0,True,HOME,Caesars Sportsbook (Colorado),-150,126,-3.0,227.5,LAL -3
401584756,2023-24,2023-11-02,regular-season,PHI,TOR,30.0,28.0,32.0,24.0,26.0,23.0,28.0,22.0,114.0,99.0,True,HOME,Caesars Sportsbook (Colorado),-305,240,-7.5,214.5,PHI -7.5
401584089,2023-24,2023-11-03,regular-season,IND,CLE,36.0,34.0,18.0,33.0,26.0,27.0,34.0,29.0,121.0,116.0,True,AWAY,Caesars Sportsbook (Colorado),135,-160,2.5,230.0,CLE -2.5
401584090,2023-24,2023-11-03,regular-season,MIL,NY,21.0,35.0,26.0,28.0,25.0,21.0,30.0,29.0,110.0,105.0,True,HOME,Caesars Sportsbook (Colorado),-225,185,-5.5,224.5,MIL -5.5
401584757,2023-24,2023-11-03,regular-season,NO,DET,35.0,37.0,22.0,31.0,29.0,20.0,34.0,33.0,125.0,116.0,True,HOME,Caesars Sportsbook (Colorado),-190,158,-4.5,215.5,NO -4.5
401584758,2023-24,2023-11-03,regular-season,UTAH,ORL,34.0,24.0,28.0,27.0,30.0,36.0,24.0,25.0,113.0,115.0,False,AWAY,Caesars Sportsbook (Colorado),105,-125,1.5,224.0,ORL -1.5
401584759,2023-24,2023-11-03,regular-season,PHX,SA,20.0,35.0,34.0,32.0,39.0,36.0,28.0,29.0,121.0,132.0,False,HOME,Caesars Sportsbook (Colorado),-480,360,-10.5,229.5,PHX -10.5
401584091,2023-24,2023-11-04,regular-season,MIA,WSH,34.0,26.0,41.0,20.0,34.0,20.0,27.0,33.0,121.0,114.0,True,HOME,Caesars Sportsbook (Colorado),-420,320,-8.5,224.5,MIA -8.5
401584092,2023-24,2023-11-04,regular-season,CHI,BKN,30.0,28.0,22.0,27.0,35.0,24.0,19.0,31.0,107.0,109.0,False,HOME,Caesars Sportsbook (Colorado),-170,143,-4.0,221.5,CHI -4
401584093,2023-24,2023-11-04,regular-season,OKC,GS,33.0,34.0,39.0,33.0,38.0,31.0,37.0,35.0,139.0,141.0,False,AWAY,Caesars Sportsbook (Colorado),210,-260,6.5,225.0,GS -6.5
401584094,2023-24,2023-11-04,regular-season,DEN,DAL,40.0,30.0,32.0,23.0,24.0,31.0,32.0,27.0,125.0,114.0,True,HOME,Caesars Sportsbook (Colorado),-225,185,-6.0,229.5,DEN -6
401584095,2023-24,2023-11-04,regular-season,POR,MEM,33.0,21.0,22.0,26.0,26.0,27.0,24.0,25.0,115.0,113.0,True,AWAY,Caesars Sportsbook (Colorado),135,-160,3.5,220.5,MEM -3.5
401584760,2023-24,2023-11-04,regular-season,PHI,PHX,25.0,27.0,28.0,32.0,24.0,21.0,30.0,25.0,112.0,100.0,True,HOME,Caesars Sportsbook (Colorado),-260,210,-6.5,221.0,PHI -6.5
401584761,2023-24,2023-11-04,regular-season,IND,CHA,27.0,19.0,50.0,28.0,27.0,27.0,38.0,33.0,124.0,125.0,False,HOME,Caesars Sportsbook (Colorado),-205,170,-5.0,241.0,IND -5
401584762,2023-24,2023-11-04,regular-season,ORL,LAL,39.0,28.0,34.0,19.0,25.0,26.0,29.0,21.0,120.0,101.0,True,AWAY,Caesars Sportsbook (Colorado),140,-165,4.0,223.0,LAL -4
401584763,2023-24,2023-11-04,regular-season,NO,ATL,35.0,25.0,23.0,22.0,27.0,26.0,41.0,29.0,105.0,123.0,False,HOME,Caesars Sportsbook (Colorado),-120,100,-2.0,237.5,NO -2
401584764,2023-24,2023-11-05,regular-season,BKN,BOS,34.0,24.0,30.0,26.0,34.0,36.0,21.0,33.0,114.0,124.0,False,AWAY,Caesars Sportsbook (Colorado),360,-480,10.0,227.0,BOS -10
401584765,2023-24,2023-11-05,regular-season,HOU,SAC,33.0,26.0,12.0,36.0,19.0,34.0,15.0,21.0,107.0,89.0,True,AWAY,Caesars Sportsbook (Colorado),118,-140,2.5,221.0,SAC -2.5
401584766,2023-24,2023-11-05,regular-season,MIN,UTAH,29.0,26.0,37.0,31.0,27.0,23.0,27.0,18.0,123.0,95.0,True,HOME,Caesars Sportsbook (Colorado),-335,260,-8.0,224.5,MIN -8
401584767,2023-24,2023-11-05,regular-season,DEN,CHI,23.0,28.0,35.0,37.0,22.0,31.0,21.0,27.0,123.0,101.0,True,HOME,Caesars Sportsbook (Colorado),-420,320,-9.0,217.5,DEN -9
401584768,2023-24,2023-11-05,regular-season,DET,PHX,27.0,22.0,31.0,26.0,28.0,30.0,34.0,28.0,106.0,120.0,False,AWAY,Caesars Sportsbook (Colorado),135,-160,3.5,219.0,PHX -3.5
401584769,2023-24,2023-11-05,regular-season,SA,TOR,26.0,28.0,32.0,24.0,22.0,13.0,36.0,39.0,116.0,123.0,False,AWAY,Caesars Sportsbook (Colorado),130,-155,4.0,222.5,TOR -4
401584770,2023-24,2023-11-05,regular-season,CLE,GS,29.0,28.0,29.0,29.0,30.0,15.0,32.0,27.0,115.0,104.0,True,HOME,Caesars Sportsbook (Colorado),-120,100,-1.0,222.5,CLE -1
401584771,2023-24,2023-11-06,regular-season,DAL,CHA,26.0,24.0,33.0,41.0,31.0,31.0,22.0,34.0,124.0,118.0,True,HOME,Caesars Sportsbook (Colorado),-600,430,-11.5,234.0,DAL -11.5
401584772,2023-24,2023-11-06,regular-season,POR,MEM,32.0,23.0,31.0,14.0,30.0,33.0,19.0,30.0,100.0,112.0,False,AWAY,Caesars Sportsbook (Colorado),140,-165,3.5,219.0,MEM -3.5
401584773,2023-24,2023-11-07,regular-season,DET,GS,26.0,22.0,34.0,27.0,31.0,25.0,27.0,37.0,109.0,120.0,False,AWAY,Caesars Sportsbook (Colorado),320,-420,9.0,223.5,GS -9
401584774,2023-24,2023-11-07,regular-season,IND,SA,44.0,42.0,33.0,33.0,28.0,33.0,26.0,24.0,152.0,111.0,True,HOME,Caesars Sportsbook (Colorado),-365,285,-8.5,238.5,IND -8.5
401584775,2023-24,2023-11-07,regular-season,ORL,DAL,33.0,33.0,17.0,19.0,27.0,26.0,33.0,31.0,102.0,117.0,False,AWAY,Caesars Sportsbook (Colorado),-110,-110,1.0,228.5,DAL -1
401584776,2023-24,2023-11-07,regular-season,PHI,WSH,33.0,42.0,45.0,26.0,24.0,34.0,40.0,30.0,146.0,128.0,True,HOME,Caesars Sportsbook (Colorado),-600,430,-11.0,229.0,PHI -11
401584777,2023-24,2023-11-07,regular-season,BKN,MIL,32.0,35.0,27.0,31.0,29.0,34.0,33.0,33.0,125.0,129.0,False,AWAY,Caesars Sportsbook (Colorado),162,-195,5.0,233.0,MIL -5
401584778,2023-24,2023-11-07,regular-season,MIA,LAL,33.0,29.0,28.0,18.0,33.0,26.0,20.0,28.0,108.0,107.0,True,HOME,Caesars Sportsbook (Colorado),-125,105,-2.0,222.5,MIA -2
401584779,2023-24,2023-11-07,regular-season,NY,LAC,19.0,23.0,34.0,35.0,21.0,25.0,30.0,21.0,111.0,97.0,True,HOME,Caesars Sportsbook (Colorado),-125,105,-1.0,223.5,NY -1
401584780,2023-24,2023-11-07,regular-season,CHI,UTAH,37.0,29.0,32.0,32.0,32.0,20.0,26.0,35.0,130.0,113.0,True,HOME,Caesars Sportsbook (Colorado),-180,152,-4.5,222.5,CHI -4.5
401584781,2023-24,2023-11-07,regular-season,HOU,SAC,32.0,35.0,30.0,25.0,22.0,20.0,18.0,37.0,122.0,97.0,True,AWAY,Caesars Sportsbook (Colorado),115,-135,2.0,217.5,SAC -2
401584782,2023-24,2023-11-07,regular-season,MIN,BOS,29.0,23.0,27.0,22.0,26.0,29.0,19.0,27.0,114.0,109.0,True,AWAY,Caesars Sportsbook (Colorado),143,-170,3.5,222.0,BOS -3.5
401584783,2023-24,2023-11-07,regular-season,OKC,ATL,29.0,29.0,38.0,30.0,28.0,22.0,27.0,40.0,126.0,117.0,True,HOME,Caesars Sportsbook (Colorado),-115,-105,-1.0,243.0,OKC -1
401584784,2023-24,2023-11-07,regular-season,DEN,NO,25.0,34.0,40.0,35.0,27.0,44.0,21.0,24.0,134.0,116.0,True,HOME,Caesars Sportsbook (Colorado),-240,196,-6.5,222.0,DEN -6.5
401584785,2023-24,2023-11-09,regular-season,CHA,WSH,29.0,17.0,38.0,32.0,24.0,41.0,38.0,29.0,116.0,132.0,False,HOME,Caesars Sportsbook (Colorado),-130,110,-2.0,239.0,CHA -2
401584786,2023-24,2023-11-09,regular-season,IND,UTAH,29.0,38.0,34.0,33.0,29.0,31.0,38.0,20.0,134.0,118.0,True,HOME,Caesars Sportsbook (Colorado),-215,178,-6.0,243.0,IND -6
401584787,2023-24,2023-11-09,regular-season,PHI,BOS,22.0,39.0,20.0,25.0,27.0,27.0,17.0,32.0,106.0,103.0,True,AWAY,Caesars Sportsbook (Colorado),126,-150,2.5,229.5,BOS -2.5
401584788,2023-24,2023-11-09,regular-season,BKN,LAC,13.0,33.0,27.0,27.0,21.0,28.0,22.0,22.0,100.0,93.0,True,AWAY,Caesars Sportsbook (Colorado),175,-210,5.5,231.5,LAC -5.5
401584789,2023-24,2023-11-09,regular-season,NY,SA,33.0,32.0,34.0,27.0,16.0,35.0,21.0,33.0,126.0,105.0,True,HOME,Caesars Sportsbook (Colorado),-365,285,-9.0,223.5,NY -9
401584790,2023-24,2023-11-09,regular-season,CHI,PHX,28.0,29.0,27.0,23.0,36.0,21.0,31.0,19.0,115.0,116.0,False,AWAY,Caesars Sportsbook (Colorado),-110,-110,1.0,218.0,PHX -1
401584791,2023-24,2023-11-09,regular-season,HOU,LAL,32.0,34.0,33.0,29.0,19.0,26.0,26.0,23.0,128.0,94.0,True,AWAY,Caesars Sportsbook (Colorado),105,-125,2.0,222.0,LAL -2
401584792,2023-24,2023-11-09,regular-season,MEM,MIA,26.0,20.0,30.0,26.0,33.0,21.0,23.0,31.0,102.0,108.0,False,AWAY,Caesars Sportsbook (Colorado),105,-125,1.5,217.0,MIA -1.5
401584793,2023-24,2023-11-09,regular-season,MIL,DET,24.0,38.0,28.0,30.0,23.0,29.0,43.0,23.0,120.0,118.0,True,HOME,Caesars Sportsbook (Colorado),-700,500,-12.0,227.0,MIL -12
401584794,2023-24,2023-11-09,regular-season,MIN,NO,28.0,44.0,25.0,25.0,24.0,20.0,24.0,33.0,122.0,101.0,True,HOME,Caesars Sportsbook (Colorado),-430,328,-9.5,215.5,MIN -9.5
401584795,2023-24,2023-11-09,regular-season,OKC,CLE,36.0,34.0,29.0,29.0,29.0,28.0,30.0,33.0,128.0,120.0,True,AWAY,Caesars Sportsbook (Colorado),110,-130,1.5,228.0,CLE -1.5
401584796,2023-24,2023-11-09,regular-season,DAL,TOR,33.0,25.0,30.0,28.0,27.0,35.0,37.0,28.0,116.0,127.0,False,HOME,Caesars Sportsbook (Colorado),-180,152,-4.5,225.5,DAL -4.5
401584797,2023-24,2023-11-09,regular-season,DEN,GS,26.0,27.0,23.0,32.0,21.0,26.0,31.0,27.0,108.0,105.0,True,HOME,Caesars Sportsbook (Colorado),-170,143,-4.0,227.0,DEN -4
401584798,2023-24,2023-11-09,regular-season,SAC,POR,34.0,22.0,29.0,26.0,29.0,31.0,24.0,27.0,121.0,118.0,True,HOME,Caesars Sportsbook (Colorado),-320,250,-7.5,221.5,SAC -7.5
401584799,2023-24,2023-11-10,regular-season,IND,MIL,38.0,28.0,27.0,33.0,24.0,36.0,34.0,30.0,126.0,124.0,True,AWAY,Caesars Sportsbook (Colorado),-105,-115,1.5,239.5,MIL -1.5
401584800,2023-24,2023-11-10,regular-season,ORL,ATL,34.0,35.0,29.0,21.0,34.0,39.0,20.0,27.0,119.0,120.0,False,AWAY,Caesars Sportsbook (Colorado),135,-160,3.5,233.0,ATL -3.5
401584096,2023-24,2023-11-11,regular-season,DET,PHI,33.0,23.0,21.0,29.0,21.0,27.0,35.0,31.0,106.0,114.0,False,AWAY,Caesars Sportsbook (Colorado),310,-400,8.5,224.5,PHI -8.5
401584097,2023-24,2023-11-11,regular-season,WSH,CHA,27.0,36.0,34.0,20.0,22.0,35.0,31.0,36.0,117.0,124.0,False,HOME,Caesars Sportsbook (Colorado),-155,130,-3.0,240.0,WSH -3
401584098,2023-24,2023-11-11,regular-season,BOS,BKN,38.0,28.0,27.0,28.0,33.0,21.0,30.0,23.0,121.0,107.0,True,HOME,Caesars Sportsbook (Colorado),-650,460,-11.5,229.0,BOS -11.5
401584099,2023-24,2023-11-11,regular-season,HOU,NO,26.0,28.0,16.0,34.0,31.0,17.0,31.0,22.0,104.0,101.0,True,HOME,Caesars Sportsbook (Colorado),-160,135,-3.0,220.0,HOU -3
401584100,2023-24,2023-11-11,regular-season,MEM,UTAH,32.0,31.0,32.0,26.0,34.0,42.0,27.0,24.0,121.0,127.0,False,HOME,Caesars Sportsbook (Colorado),-205,170,-5.0,230.5,MEM -5
401584101,2023-24,2023-11-11,regular-season,SA,MIN,27.0,27.0,19.0,37.0,22.0,34.0,34.0,27.0,110.0,117.0,False,AWAY,Caesars Sportsbook (Colorado),260,-335,7.5,225.0,MIN -7.5
401584102,2023-24,2023-11-11,regular-season,DAL,LAC,30.0,47.0,38.0,29.0,33.0,18.0,38.0,37.0,144.0,126.0,True,HOME,Caesars Sportsbook (Colorado),-115,-105,0.0,236.0,EVEN
401584103,2023-24,2023-11-11,regular-season,PHX,LAL,34.0,29.0,33.0,23.0,25.0,30.0,34.0,33.0,119.0,122.0,False,HOME,Caesars Sportsbook (Colorado),-130,110,-2.0,224.5,PHX -2
401584104,2023-24,2023-11-11,regular-season,SAC,OKC,34.0,19.0,22.0,30.0,20.0,22.0,28.0,28.0,105.0,98.0,True,AWAY,Caesars Sportsbook (Colorado),110,-130,2.0,232.5,OKC -2
401584801,2023-24,2023-11-11,regular-season,ORL,MIL,29.0,36.0,23.0,24.0,25.0,24.0,23.0,25.0,112.0,97.0,True,AWAY,Caesars Sportsbook (Colorado),115,-135,2.5,227.0,MIL -2.5
401584802,2023-24,2023-11-12,regular-season,BOS,TOR,30.0,25.0,33.0,29.0,26.0,20.0,25.0,23.0,117.0,94.0,True,HOME,Caesars Sportsbook (Colorado),-420,320,-9.0,222.5,BOS -9
401584803,2023-24,2023-11-12,regular-season,ATL,MIA,24.0,28.0,30.0,27.0,41.0,22.0,30.0,24.0,109.0,117.0,False,HOME,Caesars Sportsbook (Colorado),-320,250,-7.5,227.0,ATL -7.5
401584804,2023-24,2023-11-12,regular-season,GS,CLE,31.0,21.0,31.0,27.0,30.0,38.0,16.0,34.0,110.0,118.0,False,HOME,Caesars Sportsbook (Colorado),-195,162,-4.5,224.0,GS -4.5
401584805,2023-24,2023-11-12,regular-season,NY,CHA,32.0,32.0,35.0,30.0,25.0,29.0,25.0,28.0,129.0,107.0,True,HOME,Caesars Sportsbook (Colorado),-550,400,-10.5,224.0,NY -10.5
401584806,2023-24,2023-11-12,regular-season,BKN,WSH,30.0,19.0,29.0,24.0,15.0,26.0,31.0,22.0,102.0,94.0,True,HOME,Caesars Sportsbook (Colorado),-278,222,-7.0,233.0,BKN -7
401584807,2023-24,2023-11-12,regular-season,LAC,MEM,20.0,25.0,23.0,33.0,33.0,19.0,27.0,26.0,101.0,105.0,False,HOME,Caesars Sportsbook (Colorado),-355,278,-8.5,224.0,LAC -8.5
401584808,2023-24,2023-11-12,regular-season,PHI,IND,38.0,31.0,31.0,37.0,27.0,33.0,39.0,27.0,137.0,126.0,True,HOME,Caesars Sportsbook (Colorado),-267,215,-7.0,237.0,PHI -7
401584809,2023-24,2023-11-13,regular-season,CHI,DET,22.0,33.0,29.0,35.0,31.0,19.0,31.0,27.0,119.0,108.0,True,HOME,Caesars Sportsbook (Colorado),-260,210,-6.5,221.0,CHI -6.5
401584810,2023-24,2023-11-13,regular-season,HOU,DEN,23.0,23.0,28.0,33.0,30.0,20.0,26.0,28.0,107.0,104.0,True,AWAY,Caesars Sportsbook (Colorado),158,-190,4.5,216.0,DEN -4.5
401584811,2023-24,2023-11-13,regular-season,NO,DAL,27.0,27.0,31.0,39.0,34.0,33.0,42.0,27.0,124.0,136.0,False,AWAY,Caesars Sportsbook (Colorado),140,-165,3.5,237.0,DAL -3.5
401584812,2023-24,2023-11-13,regular-season,SA,MIA,29.0,24.0,31.0,29.0,15.0,35.0,32.0,36.0,113.0,118.0,False,AWAY,Caesars Sportsbook (Colorado),100,-120,2.0,222.0,MIA -2
401584813,2023-24,2023-11-13,regular-season,PHX,OKC,29.0,30.0,27.0,13.0,29.0,25.0,26.0,31.0,99.0,111.0,False,HOME,Caesars Sportsbook (Colorado),-160,135,-4.0,231.5,PHX -4
401584814,2023-24,2023-11-13,regular-season,GS,MIN,31.0,20.0,22.0,37.0,29.0,25.0,35.0,27.0,110.0,116.0,False,HOME,Caesars Sportsbook (Colorado),-165,140,-3.5,222.0,GS -3.5
401584815,2023-24,2023-11-13,regular-season,LAL,POR,31.0,25.0,35.0,25.0,28.0,29.0,23.0,30.0,116.0,110.0,True,HOME,Caesars Sportsbook (Colorado),-385,300,-8.5,221.0,LAL -8.5
401584816,2023-24,2023-11-14,regular-season,BOS,NY,25.0,27.0,32.0,30.0,24.0,29.0,23.0,22.0,114.0,98.0,True,HOME,Caesars Sportsbook (Colorado),-455,345,-9.5,220.5,BOS -9.5
401584817,2023-24,2023-11-14,regular-season,TOR,WSH,25.0,20.0,36.0,30.0,32.0,32.0,27.0,16.0,111.0,107.0,True,HOME,Caesars Sportsbook (Colorado),-345,270,-8.0,230.0,TOR -8
401584818,2023-24,2023-11-14,regular-season,MIL,CHI,35.0,24.0,24.0,35.0,18.0,31.0,25.0,35.0,118.0,109.0,True,HOME,Caesars Sportsbook (Colorado),-440,335,-9.5,231.0,MIL -9.5
401584819,2023-24,2023-11-14,regular-season,SAC,CLE,33.0,35.0,42.0,22.0,25.0,35.0,29.0,31.0,132.0,120.0,True,HOME,Caesars Sportsbook (Colorado),-110,-110,-1.0,229.0,SAC -1
401584105,2023-24,2023-11-15,regular-season,CHA,MIA,32.0,16.0,32.0,25.0,24.0,33.0,30.0,24.0,105.0,111.0,False,AWAY,Caesars Sportsbook (Colorado),205,-250,6.5,221.5,MIA -6.5
401584106,2023-24,2023-11-15,regular-season,DET,ATL,29.0,31.0,31.0,29.0,38.0,26.0,33.0,29.0,120.0,126.0,False,AWAY,Caesars Sportsbook (Colorado),150,-178,4.5,225.0,ATL -4.5
401584107,2023-24,2023-11-15,regular-season,PHI,IND,30.0,24.0,40.0,32.0,36.0,27.0,32.0,37.0,126.0,132.0,False,HOME,Caesars Sportsbook (Colorado),-235,192,-6.0,240.5,PHI -6
401584108,2023-24,2023-11-15,regular-season,BKN,ORL,33.0,24.0,31.0,36.0,24.0,36.0,26.0,18.0,124.0,104.0,True,HOME,Caesars Sportsbook (Colorado),-140,118,-3.0,217.5,BKN -3
401584109,2023-24,2023-11-15,regular-season,OKC,SA,28.0,30.0,33.0,32.0,25.0,23.0,18.0,21.0,123.0,87.0,True,HOME,Caesars Sportsbook (Colorado),-480,360,-10.0,238.5,OKC -10
401584110,2023-24,2023-11-15,regular-season,NO,DAL,33.0,37.0,44.0,17.0,26.0,28.0,31.0,25.0,131.0,110.0,True,AWAY,Caesars Sportsbook (Colorado),140,-165,3.5,239.0,DAL -3.5
401584111,2023-24,2023-11-15,regular-season,UTAH,POR,36.0,31.0,28.0,20.0,28.0,30.0,28.0,13.0,115.0,99.0,True,HOME,Caesars Sportsbook (Colorado),-260,210,-6.5,230.5,UTAH -6.5
401584112,2023-24,2023-11-15,regular-season,DEN,LAC,28.0,32.0,24.0,27.0,26.0,26.0,32.0,24.0,111.0,108.0,True,HOME,Caesars Sportsbook (Colorado),-175,148,-4.0,225.5,DEN -4
401584113,2023-24,2023-11-15,regular-season,GS,MIN,30.0,29.0,24.0,18.0,22.0,32.0,22.0,28.0,101.0,104.0,False,AWAY,Caesars Sportsbook (Colorado),130,-155,3.0,216.0,MIN -3
401584114,2023-24,2023-11-15,regular-season,LAL,MEM,37.0,37.0,33.0,27.0,26.0,25.0,35.0,21.0,134.0,107.0,True,HOME,Caesars Sportsbook (Colorado),-260,210,-6.5,225.5,LAL -6.5
401584820,2023-24,2023-11-16,regular-season,WSH,DAL,26.0,25.0,32.0,34.0,41.0,30.0,33.0,26.0,117.0,130.0,False,AWAY,Caesars Sportsbook (Colorado),143,-170,4.0,242.5,DAL -4
401584821,2023-24,2023-11-16,regular-season,ATL,NY,22.0,34.0,25.0,33.0,33.0,24.0,30.0,29.0,114.0,116.0,False,HOME,Caesars Sportsbook (Colorado),-115,-105,-1.0,228.5,ATL -1
401584822,2023-24,2023-11-16,regular-season,PHI,BOS,22.0,36.0,17.0,32.0,37.0,20.0,26.0,34.0,107.0,117.0,False,HOME,Caesars Sportsbook (Colorado),-115,-105,0.0,223.5,EVEN
401584823,2023-24,2023-11-16,regular-season,TOR,MIL,21.0,26.0,32.0,33.0,36.0,34.0,30.0,28.0,112.0,128.0,False,AWAY,Caesars Sportsbook (Colorado),-105,-115,1.0,225.0,MIL -1
401584824,2023-24,2023-11-16,regular-season,CHI,ORL,21.0,12.0,31.0,30.0,21.0,29.0,23.0,23.0,94.0,96.0,False,HOME,Caesars Sportsbook (Colorado),-130,110,-2.0,214.5,CHI -2
401584825,2023-24,2023-11-16,regular-season,PHX,MIN,35.0,41.0,34.0,23.0,29.0,25.0,28.0,33.0,133.0,115.0,True,HOME,Caesars Sportsbook (Colorado),-178,150,-4.5,223.0,PHX -4.5
401584826,2023-24,2023-11-16,regular-season,LAL,SAC,25.0,34.0,21.0,30.0,38.0,34.0,32.0,21.0,110.0,125.0,False,HOME,Caesars Sportsbook (Colorado),-115,-105,-1.5,237.0,LAL -1.5
401584827,2023-24,2023-11-16,regular-season,POR,CLE,25.0,22.0,28.0,20.0,30.0,25.0,28.0,26.0,95.0,109.0,False,AWAY,Caesars Sportsbook (Colorado),335,-440,9.5,218.0,CLE -9.5
401584828,2023-24,2023-11-17,regular-season,MIA,BKN,30.0,30.0,35.0,27.0,27.0,25.0,31.0,32.0,122.0,115.0,True,HOME,Caesars Sportsbook (Colorado),-160,135,-3.5,214.5,MIA -3.5
401584829,2023-24,2023-11-17,regular-season,GS,OKC,24.0,36.0,25.0,24.0,39.0,28.0,27.0,34.0,109.0,128.0,False,AWAY,Caesars Sportsbook (Colorado),130,-155,3.5,226.0,OKC -3.5
401584115,2023-24,2023-11-18,regular-season,CHA,MIL,37.0,20.0,24.0,18.0,28.0,31.0,33.0,38.0,99.0,130.0,False,AWAY,Caesars Sportsbook (Colorado),270,-345,8.0,243.0,MIL -8
401584116,2023-24,2023-11-18,regular-season,WSH,NY,25.0,29.0,30.0,15.0,35.0,30.0,24.0,31.0,99.0,120.0,False,AWAY,Caesars Sportsbook (Colorado),228,-285,7.5,226.0,NY -7.5
401584117,2023-24,2023-11-18,regular-season,ATL,PHI,24.0,32.0,31.0,29.0,30.0,27.0,37.0,32.0,116.0,126.0,False,AWAY,Caesars Sportsbook (Colorado),105,-125,1.5,237.0,PHI -1.5
401584118,2023-24,2023-11-18,regular-season,CLE,DET,35.0,24.0,21.0,28.0,26.0,19.0,28.0,27.0,108.0,100.0,True,HOME,Caesars Sportsbook (Colorado),-420,320,-9.0,217.5,CLE -9
401584119,2023-24,2023-11-18,regular-season,TOR,BOS,32.0,17.0,32.0,24.0,26.0,39.0,19.0,24.0,105.0,108.0,False,AWAY,Caesars Sportsbook (Colorado),320,-420,9.0,224.0,BOS -9
401584120,2023-24,2023-11-18,regular-season,SA,SAC,31.0,31.0,32.0,26.0,29.0,33.0,33.0,34.0,120.0,129.0,False,AWAY,Caesars Sportsbook (Colorado),278,-355,8.5,239.0,SAC -8.5
401584121,2023-24,2023-11-18,regular-season,CHI,ORL,16.0,17.0,32.0,32.0,23.0,25.0,29.0,26.0,97.0,103.0,False,HOME,Caesars Sportsbook (Colorado),-170,143,-4.0,215.5,CHI -4
401584122,2023-24,2023-11-18,regular-season,NO,DEN,36.0,33.0,26.0,20.0,28.0,25.0,33.0,24.0,115.0,110.0,True,AWAY,Caesars Sportsbook (Colorado),162,-195,5.0,225.5,DEN -5
401584123,2023-24,2023-11-18,regular-season,UTAH,PHX,38.0,37.0,24.0,29.0,41.0,34.0,27.0,29.0,128.0,131.0,False,AWAY,Caesars Sportsbook (Colorado),170,-205,5.0,238.5,PHX -5
401584124,2023-24,2023-11-18,regular-season,POR,LAL,23.0,27.0,25.0,20.0,30.0,30.0,22.0,25.0,95.0,107.0,False,AWAY,Caesars Sportsbook (Colorado),328,-430,9.0,226.0,LAL -9
401584125,2023-24,2023-11-18,regular-season,LAC,HOU,29.0,19.0,31.0,27.0,23.0,27.0,27.0,23.0,106.0,100.0,True,HOME,Caesars Sportsbook (Colorado),-305,240,-7.0,218.0,LAC -7
401584830,2023-24,2023-11-18,regular-season,CHA,NY,19.0,31.0,30.0,28.0,30.0,31.0,28.0,33.0,108.0,122.0,False,AWAY,Caesars Sportsbook (Colorado),215,-267,7.0,223.0,NY -7
401584831,2023-24,2023-11-19,regular-season,NO,MIN,35.0,29.0,31.0,25.0,27.0,32.0,26.0,36.0,120.0,121.0,False,AWAY,Caesars Sportsbook (Colorado),240,-305,7.5,220.5,MIN -7.5
401584832,2023-24,2023-11-19,regular-season,CHI,MIA,14.0,26.0,28.0,34.0,26.0,24.0,26.0,21.0,102.0,97.0,True,AWAY,Caesars Sportsbook (Colorado),105,-125,2.0,212.0,MIA -2
401584833,2023-24,2023-11-19,regular-season,MIL,DAL,33.0,27.0,29.0,43.0,34.0,24.0,40.0,27.0,132.0,125.0,True,HOME,Caesars Sportsbook (Colorado),-130,110,-2.0,247.5,MIL -2
401584834,2023-24,2023-11-19,regular-season,SA,MEM,35.0,33.0,26.0,14.0,26.0,25.0,36.0,33.0,108.0,120.0,False,AWAY,Caesars Sportsbook (Colorado),130,-155,3.0,225.5,MEM -3
401584835,2023-24,2023-11-19,regular-season,GS,OKC,31.0,30.0,26.0,30.0,33.0,18.0,34.0,32.0,123.0,130.0,False,HOME,Caesars Sportsbook (Colorado),-135,115,-2.5,236.0,GS -2.5
401584836,2023-24,2023-11-19,regular-season,BKN,PHI,22.0,27.0,22.0,28.0,23.0,38.0,33.0,27.0,99.0,121.0,False,AWAY,Caesars Sportsbook (Colorado),140,-165,3.5,224.0,PHI -3.5
401584837,2023-24,2023-11-19,regular-season,IND,ORL,21.0,23.0,34.0,38.0,42.0,36.0,29.0,21.0,116.0,128.0,False,HOME,Caesars Sportsbook (Colorado),-190,158,-4.5,235.0,IND -4.5
401584838,2023-24,2023-11-19,regular-season,CLE,DEN,29.0,37.0,26.0,29.0,27.0,31.0,17.0,34.0,121.0,109.0,True,AWAY,Caesars Sportsbook (Colorado),158,-190,4.5,214.5,DEN -4.5
401584839,2023-24,2023-11-19,regular-season,TOR,DET,32.0,37.0,35.0,38.0,20.0,25.0,27.0,41.0,142.0,113.0,True,HOME,Caesars Sportsbook (Colorado),-455,345,-9.5,220.0,TOR -9.5
401584840,2023-24,2023-11-20,regular-season,DAL,SAC,36.0,29.0,31.0,17.0,35.0,35.0,37.0,22.0,113.0,129.0,False,HOME,Caesars Sportsbook (Colorado),-120,100,-1.5,246.0,DAL -1.5
401584841,2023-24,2023-11-20,regular-season,MEM,BOS,27.0,26.0,23.0,24.0,26.0,30.0,23.0,23.0,100.0,102.0,False,AWAY,Caesars Sportsbook (Colorado),460,-650,12.0,222.0,BOS -12
401584842,2023-24,2023-11-20,regular-season,UTAH,PHX,30.0,26.0,28.0,31.0,30.0,31.0,24.0,30.0,137.0,140.0,False,AWAY,Caesars Sportsbook (Colorado),158,-190,5.0,238.5,PHX -5
401584843,2023-24,2023-11-20,regular-season,POR,OKC,21.0,22.0,23.0,25.0,33.0,43.0,25.0,33.0,91.0,134.0,False,AWAY,Caesars Sportsbook (Colorado),228,-285,7.0,224.5,OKC -7
401584844,2023-24,2023-11-20,regular-season,LAL,HOU,20.0,29.0,32.0,24.0,28.0,27.0,20.0,29.0,105.0,104.0,True,HOME,Caesars Sportsbook (Colorado),-240,196,-6.0,221.5,LAL -6
401584845,2023-24,2023-11-21,regular-season,CHA,BOS,25.0,29.0,27.0,27.0,31.0,34.0,22.0,21.0,121.0,118.0,True,AWAY,Caesars Sportsbook (Colorado),275,-350,8.0,233.5,BOS -8
401584846,2023-24,2023-11-21,regular-season,DET,DEN,23.0,32.0,24.0,24.0,27.0,29.0,25.0,26.0,103.0,107.0,False,AWAY,Caesars Sportsbook (Colorado),335,-440,9.5,225.0,DEN -9.5
401584847,2023-24,2023-11-21,regular-season,WSH,MIL,27.0,38.0,37.0,27.0,31.0,39.0,34.0,38.0,129.0,142.0,False,AWAY,Caesars Sportsbook (Colorado),400,-550,10.0,245.5,MIL -10
401584848,2023-24,2023-11-21,regular-season,CHI,MIA,27.0,26.0,28.0,19.0,33.0,32.0,28.0,25.0,100.0,118.0,False,AWAY,Caesars Sportsbook (Colorado),110,-130,1.5,209.0,MIA -1.5
401584849,2023-24,2023-11-21,regular-season,MIN,NY,31.0,27.0,35.0,24.0,28.0,28.0,19.0,25.0,117.0,100.0,True,HOME,Caesars Sportsbook (Colorado),-135,115,-2.5,213.5,MIN -2.5
401584850,2023-24,2023-11-21,regular-season,NO,SAC,29.0,37.0,34.0,29.0,31.0,22.0,16.0,24.0,129.0,93.0,True,AWAY,Caesars Sportsbook (Colorado),110,-130,1.5,236.5,SAC -1.5
401584851,2023-24,2023-11-21,regular-season,SA,LAC,27.0,28.0,22.0,22.0,33.0,33.0,25.0,33.0,99.0,124.0,False,AWAY,Caesars Sportsbook (Colorado),285,-365,8.5,230.5,LAC -8.5
401584852,2023-24,2023-11-21,regular-season,GS,HOU,29.0,34.0,29.0,29.0,27.0,26.0,28.0,35.0,121.0,116.0,True,HOME,Caesars Sportsbook (Colorado),-285,228,-7.0,220.0,GS -7
401584126,2023-24,2023-11-22,regular-season,ORL,TOR,30.0,37.0,33.0,26.0,23.0,33.0,26.0,25.0,126.0,107.0,True,HOME,Caesars Sportsbook (Colorado),-125,105,-1.5,216.0,ORL -1.5
401584127,2023-24,2023-11-22,regular-season,ATL,IND,40.0,46.0,28.0,38.0,34.0,39.0,46.0,38.0,152.0,157.0,False,HOME,Caesars Sportsbook (Colorado),-160,135,-3.5,252.5,ATL -3.5
401584128,2023-24,2023-11-22,regular-season,PHI,CLE,24.0,29.0,26.0,31.0,27.0,38.0,23.0,22.0,119.0,122.0,False,HOME,Caesars Sportsbook (Colorado),-385,300,-8.5,218.5,PHI -8.5
401584129,2023-24,2023-11-22,regular-season,PHX,POR,34.0,22.0,38.0,26.0,21.0,30.0,31.0,25.0,120.0,107.0,True,HOME,Caesars Sportsbook (Colorado),-800,550,-12.0,223.5,PHX -12
401584130,2023-24,2023-11-22,regular-season,LAL,UTAH,32.0,30.0,40.0,29.0,17.0,24.0,34.0,24.0,131.0,99.0,True,HOME,Caesars Sportsbook (Colorado),-305,240,-7.5,239.5,LAL -7.5
401584853,2023-24,2023-11-23,regular-season,CHA,WSH,21.0,28.0,29.0,39.0,24.0,32.0,35.0,23.0,117.0,114.0,True,HOME,Caesars Sportsbook (Colorado),-170,143,-4.0,242.5,CHA -4
401584854,2023-24,2023-11-23,regular-season,ORL,DEN,28.0,28.0,26.0,42.0,28.0,34.0,26.0,31.0,124.0,119.0,True,AWAY,Caesars Sportsbook (Colorado),143,-170,4.0,217.5,DEN -4
401584855,2023-24,2023-11-23,regular-season,ATL,BKN,45.0,32.0,23.0,31.0,33.0,34.0,28.0,36.0,147.0,145.0,True,HOME,Caesars Sportsbook (Colorado),-165,140,-3.5,236.0,ATL -3.5
401584856,2023-24,2023-11-23,regular-season,BOS,MIL,29.0,38.0,27.0,25.0,17.0,36.0,26.0,37.0,119.0,116.0,True,HOME,Caesars Sportsbook (Colorado),-250,205,-6.0,236.5,BOS -6
401584857,2023-24,2023-11-23,regular-season,CLE,MIA,26.0,29.0,24.0,17.0,37.0,32.0,32.0,28.0,96.0,129.0,False,HOME,Caesars Sportsbook (Colorado),-125,105,-1.5,213.0,CLE -1.5
401584858,2023-24,2023-11-23,regular-season,IND,TOR,35.0,30.0,36.0,30.0,27.0,41.0,32.0,32.0,131.0,132.0,False,HOME,Caesars Sportsbook (Colorado),-135,115,-2.5,241.5,IND -2.5
401584859,2023-24,2023-11-23,regular-season,HOU,MEM,21.0,24.0,29.0,37.0,28.0,18.0,22.0,23.0,111.0,91.0,True,HOME,Caesars Sportsbook (Colorado),-215,178,-5.0,213.0,HOU -5
401584860,2023-24,2023-11-23,regular-season,MIN,PHI,37.0,20.0,34.0,21.0,20.0,29.0,30.0,20.0,112.0,99.0,True,HOME,Caesars Sportsbook (Colorado),-278,222,-7.0,220.5,MIN -7
401584861,2023-24,2023-11-23,regular-season,NO,SAC,32.0,32.0,29.0,24.0,30.0,20.0,29.0,33.0,117.0,112.0,True,AWAY,Caesars Sportsbook (Colorado),-110,-110,1.5,235.0,SAC -1.5
401584862,2023-24,2023-11-23,regular-season,OKC,CHI,26.0,24.0,34.0,32.0,14.0,25.0,38.0,25.0,116.0,102.0,True,HOME,Caesars Sportsbook (Colorado),-320,250,-7.5,223.0,OKC -7.5
401584863,2023-24,2023-11-23,regular-season,SA,LAC,14.0,34.0,22.0,32.0,26.0,28.0,28.0,27.0,102.0,109.0,False,AWAY,Caesars Sportsbook (Colorado),278,-355,8.0,231.0,LAC -8
401584864,2023-24,2023-11-23,regular-season,PHX,GS,26.0,37.0,28.0,32.0,31.0,16.0,28.0,40.0,123.0,115.0,True,HOME,Caesars Sportsbook (Colorado),-145,122,-2.5,233.5,PHX -2.5
401584865,2023-24,2023-11-23,regular-season,POR,UTAH,32.0,33.0,24.0,32.0,21.0,25.0,27.0,32.0,121.0,105.0,True,AWAY,Caesars Sportsbook (Colorado),122,-145,2.5,227.5,UTAH -2.5
401584866,2023-24,2023-11-23,regular-season,LAL,DAL,25.0,21.0,25.0,30.0,29.0,33.0,29.0,13.0,101.0,104.0,False,AWAY,Caesars Sportsbook (Colorado),-105,-115,0.0,245.0,EVEN
401584131,2023-24,2023-11-24,regular-season,ORL,BOS,19.0,29.0,29.0,36.0,30.0,26.0,18.0,22.0,113.0,96.0,True,AWAY,Caesars Sportsbook (Colorado),170,-205,5.5,220.5,BOS -5.5
401584132,2023-24,2023-11-24,regular-season,MEM,PHX,27.0,22.0,24.0,16.0,29.0,33.0,19.0,29.0,89.0,110.0,False,AWAY,Caesars Sportsbook (Colorado),140,-165,4.0,221.0,PHX -4
401584133,2023-24,2023-11-25,regular-season,NY,MIA,25.0,26.0,20.0,29.0,28.0,22.0,37.0,11.0,100.0,98.0,True,HOME,Caesars Sportsbook (Colorado),-205,170,-5.5,209.5,NY -5.5
401584134,2023-24,2023-11-25,regular-season,TOR,CHI,36.0,26.0,31.0,28.0,22.0,26.0,29.0,31.0,121.0,108.0,True,HOME,Caesars Sportsbook (Colorado),-195,162,-4.5,217.5,TOR -4.5
401584135,2023-24,2023-11-25,regular-season,IND,DET,33.0,28.0,36.0,39.0,26.0,37.0,33.0,17.0,136.0,113.0,True,HOME,Caesars Sportsbook (Colorado),-420,320,-9.5,246.5,IND -9.5
401584136,2023-24,2023-11-25,regular-season,HOU,DEN,29.0,31.0,24.0,21.0,19.0,24.0,26.0,17.0,105.0,86.0,True,AWAY,Caesars Sportsbook (Colorado),126,-150,3.0,216.0,DEN -3
401584137,2023-24,2023-11-25,regular-season,MIL,WSH,34.0,26.0,32.0,39.0,35.0,26.0,28.0,39.0,131.0,128.0,True,HOME,Caesars Sportsbook (Colorado),-1000,650,-14.0,247.0,MIL -14
401584138,2023-24,2023-11-25,regular-season,MIN,SAC,31.0,33.0,15.0,32.0,38.0,32.0,22.0,32.0,111.0,124.0,False,HOME,Caesars Sportsbook (Colorado),-190,158,-4.5,231.0,MIN -4.5
401584139,2023-24,2023-11-25,regular-season,GS,SA,32.0,27.0,27.0,32.0,35.0,20.0,26.0,31.0,118.0,112.0,True,HOME,Caesars Sportsbook (Colorado),-480,360,-10.0,237.0,GS -10
401584140,2023-24,2023-11-25,regular-season,LAC,NO,23.0,32.0,28.0,23.0,36.0,20.0,29.0,31.0,106.0,116.0,False,HOME,Caesars Sportsbook (Colorado),-205,170,-5.5,227.5,LAC -5.5
401584867,2023-24,2023-11-25,regular-season,OKC,PHI,31.0,30.0,21.0,41.0,29.0,36.0,28.0,34.0,123.0,127.0,False,AWAY,Caesars Sportsbook (Colorado),-115,-105,1.0,230.5,PHI -1
401584868,2023-24,2023-11-25,regular-season,BKN,MIA,26.0,37.0,27.0,22.0,22.0,31.0,23.0,21.0,112.0,97.0,True,HOME,Caesars Sportsbook (Colorado),-292,235,-7.5,216.5,BKN -7.5
401584869,2023-24,2023-11-26,regular-season,WSH,ATL,30.0,28.0,20.0,30.0,34.0,36.0,37.0,29.0,108.0,136.0,False,AWAY,Caesars Sportsbook (Colorado),275,-350,8.5,250.5,ATL -8.5
401584870,2023-24,2023-11-26,regular-season,CLE,LAL,40.0,31.0,23.0,21.0,35.0,35.0,23.0,28.0,115.0,121.0,False,HOME,Caesars Sportsbook (Colorado),-178,150,-4.0,227.5,CLE -4
401584871,2023-24,2023-11-26,regular-season,UTAH,NO,22.0,21.0,25.0,37.0,29.0,24.0,24.0,23.0,105.0,100.0,True,AWAY,Caesars Sportsbook (Colorado),130,-155,3.0,227.0,NO -3
401584872,2023-24,2023-11-26,regular-season,LAC,DAL,29.0,27.0,23.0,28.0,18.0,27.0,17.0,26.0,107.0,88.0,True,HOME,Caesars Sportsbook (Colorado),-125,105,-1.5,238.0,LAC -1.5
401584873,2023-24,2023-11-26,regular-season,MIL,POR,26.0,26.0,23.0,33.0,31.0,37.0,20.0,14.0,108.0,102.0,True,HOME,Caesars Sportsbook (Colorado),-700,500,-13.0,231.5,MIL -13
401584874,2023-24,2023-11-26,regular-season,BOS,ATL,33.0,36.0,21.0,23.0,26.0,27.0,29.0,21.0,113.0,103.0,True,HOME,Caesars Sportsbook (Colorado),-305,240,-7.0,236.0,BOS -7
401584875,2023-24,2023-11-26,regular-season,NY,PHX,22.0,34.0,36.0,21.0,34.0,30.0,31.0,21.0,113.0,116.0,False,HOME,Caesars Sportsbook (Colorado),-220,180,-6.0,218.5,NY -6
401584876,2023-24,2023-11-26,regular-season,ORL,CHA,25.0,36.0,31.0,38.0,33.0,24.0,29.0,31.0,130.0,117.0,True,HOME,Caesars Sportsbook (Colorado),-260,210,-6.5,227.5,ORL -6.5
401584877,2023-24,2023-11-26,regular-season,MEM,MIN,26.0,17.0,23.0,31.0,31.0,29.0,30.0,29.0,97.0,119.0,False,AWAY,Caesars Sportsbook (Colorado),215,-267,7.0,218.0,MIN -7
401584878,2023-24,2023-11-27,regular-season,BKN,CHI,19.0,44.0,33.0,22.0,36.0,19.0,28.0,26.0,118.0,109.0,True,HOME,Caesars Sportsbook (Colorado),-155,130,-3.0,221.0,BKN -3
401584879,2023-24,2023-11-27,regular-season,CLE,TOR,25.0,17.0,32.0,31.0,28.0,24.0,20.0,30.0,105.0,102.0,True,HOME,Caesars Sportsbook (Colorado),-165,140,-3.0,222.5,CLE -3
401584880,2023-24,2023-11-27,regular-season,DEN,SA,39.0,33.0,35.0,25.0,35.0,25.0,24.0,36.0,132.0,120.0,True,HOME,Caesars Sportsbook (Colorado),-600,430,-11.0,229.0,DEN -11
401584881,2023-24,2023-11-28,regular-season,DET,WSH,27.0,27.0,29.0,24.0,31.0,26.0,37.0,32.0,107.0,126.0,False,HOME,Caesars Sportsbook (Colorado),-130,110,-2.0,238.0,DET -2
401584882,2023-24,2023-11-28,regular-season,IND,POR,34.0,26.0,23.0,27.0,30.0,35.0,18.0,31.0,110.0,114.0,False,HOME,Caesars Sportsbook (Colorado),-700,500,-12.0,242.0,IND -12
401584883,2023-24,2023-11-28,regular-season,PHI,LAL,32.0,36.0,30.0,40.0,19.0,34.0,27.0,14.0,138.0,94.0,True,HOME,Caesars Sportsbook (Colorado),-220,180,-5.5,230.5,PHI -5.5
401584884,2023-24,2023-11-28,regular-season,UTAH,NO,32.0,25.0,31.0,26.0,24.0,31.0,33.0,24.0,114.0,112.0,True,AWAY,Caesars Sportsbook (Colorado),210,-260,6.5,232.0,NO -6.5
401584885,2023-24,2023-11-28,regular-season,LAC,DEN,28.0,28.0,32.0,16.0,25.0,33.0,19.0,36.0,104.0,113.0,False,HOME,Caesars Sportsbook (Colorado),-550,400,-11.0,217.0,LAC -11
401584141,2023-24,2023-11-29,regular-season,BOS,CHI,31.0,38.0,28.0,27.0,20.0,30.0,18.0,29.0,124.0,97.0,True,HOME,Caesars Sportsbook (Colorado),-800,550,-12.5,219.0,BOS -12.5
401584142,2023-24,2023-11-29,regular-season,BKN,TOR,22.0,30.0,24.0,39.0,21.0,23.0,31.0,28.0,115.0,103.0,True,HOME,Caesars Sportsbook (Colorado),-125,105,-1.5,224.0,BKN -1.5
401584143,2023-24,2023-11-29,regular-season,CLE,ATL,29.0,35.0,38.0,26.0,33.0,28.0,29.0,15.0,128.0,105.0,True,HOME,Caesars Sportsbook (Colorado),-190,158,-4.5,238.0,CLE -4.5
401584144,2023-24,2023-11-29,regular-season,MIA,MIL,22.0,40.0,35.0,27.0,31.0,28.0,34.0,38.0,124.0,131.0,False,AWAY,Caesars Sportsbook (Colorado),158,-190,5.0,231.0,MIL -5
401584145,2023-24,2023-11-29,regular-season,NY,CHA,29.0,24.0,27.0,35.0,16.0,28.0,22.0,25.0,115.0,91.0,True,HOME,Caesars Sportsbook (Colorado),-600,430,-11.0,221.0,NY -11
401584146,2023-24,2023-11-29,regular-season,MIN,OKC,19.0,34.0,23.0,30.0,29.0,32.0,17.0,25.0,106.0,103.0,True,HOME,Caesars Sportsbook (Colorado),-160,135,-3.5,228.5,MIN -3.5
401584147,2023-24,2023-11-29,regular-season,DAL,HOU,29.0,25.0,30.0,37.0,22.0,28.0,38.0,27.0,121.0,115.0,True,HOME,Caesars Sportsbook (Colorado),-170,143,-4.0,227.5,DAL -4
401584148,2023-24,2023-11-29,regular-season,SAC,GS,29.0,26.0,40.0,29.0,37.0,35.0,32.0,19.0,124.0,123.0,True,HOME,Caesars Sportsbook (Colorado),-135,115,-2.0,238.0,SAC -2
401584886,2023-24,2023-11-30,regular-season,DET,LAL,24.0,24.0,28.0,31.0,38.0,27.0,36.0,32.0,107.0,133.0,False,AWAY,Caesars Sportsbook (Colorado),270,-345,7.5,230.0,LAL -7.5
401584887,2023-24,2023-11-30,regular-season,ORL,WSH,31.0,35.0,36.0,37.0,26.0,30.0,33.0,31.0,139.0,120.0,True,HOME,Caesars Sportsbook (Colorado),-455,345,-10.0,236.0,ORL -10
401584888,2023-24,2023-11-30,regular-season,TOR,PHX,27.0,33.0,26.0,26.0,20.0,33.0,27.0,25.0,112.0,105.0,True,AWAY,Caesars Sportsbook (Colorado),140,-165,3.5,227.0,PHX -3.5
401584889,2023-24,2023-11-30,regular-season,MEM,UTAH,24.0,36.0,28.0,17.0,25.0,17.0,25.0,24.0,105.0,91.0,True,HOME,Caesars Sportsbook (Colorado),-170,143,-3.5,223.5,MEM -3.5
401584890,2023-24,2023-11-30,regular-season,NO,PHI,39.0,29.0,34.0,22.0,24.0,24.0,33.0,33.0,124.0,114.0,True,HOME,Caesars Sportsbook (Colorado),-150,126,-3.5,228.5,NO -3.5
401584891,2023-24,2023-11-30,regular-season,DEN,HOU,41.0,35.0,32.0,26.0,26.0,33.0,38.0,27.0,134.0,124.0,True,HOME,Caesars Sportsbook (Colorado),-480,360,-10.5,217.5,DEN -10.5
401584892,2023-24,2023-11-30,regular-season,SAC,LAC,27.0,23.0,31.0,36.0,35.0,37.0,30.0,29.0,117.0,131.0,False,AWAY,Caesars Sportsbook (Colorado),105,-125,1.5,231.5,LAC -1.5
401584893,2023-24,2023-12-01,regular-season,CLE,POR,25.0,21.0,29.0,20.0,22.0,18.0,34.0,29.0,95.0,103.0,False,HOME,Caesars Sportsbook (Colorado),-650,460,-12.0,219.5,CLE -12
401584894,2023-24,2023-12-01,regular-season,BKN,CHA,37.0,34.0,35.0,22.0,31.0,42.0,29.0,27.0,128.0,129.0,False,HOME,Caesars Sportsbook (Colorado),-400,310,-9.5,222.0,BKN -9.5
401584895,2023-24,2023-12-01,regular-season,MIA,IND,33.0,31.0,33.0,45.0,38.0,35.0,27.0,32.0,142.0,132.0,True,HOME,Caesars Sportsbook (Colorado),-170,143,-3.5,238.5,MIA -3.5
401584896,2023-24,2023-12-01,regular-season,NY,DET,31.0,23.0,31.0,33.0,17.0,37.0,33.0,25.0,118.0,112.0,True,HOME,Caesars Sportsbook (Colorado),-1100,700,-14.5,218.5,NY -14.5
401584897,2023-24,2023-12-01,regular-season,CHI,MIL,26.0,23.0,31.0,26.0,24.0,31.0,25.0,26.0,120.0,113.0,True,AWAY,Caesars Sportsbook (Colorado),400,-550,10.5,225.5,MIL -10.5
401584898,2023-24,2023-12-01,regular-season,MIN,UTAH,20.0,29.0,35.0,17.0,23.0,24.0,19.0,24.0,101.0,90.0,True,HOME,Caesars Sportsbook (Colorado),-650,460,-11.5,219.0,MIN -11.5
401584899,2023-24,2023-12-01,regular-season,OKC,LAL,30.0,42.0,36.0,25.0,37.0,23.0,28.0,22.0,133.0,110.0,True,HOME,Caesars Sportsbook (Colorado),-205,170,-5.0,234.5,OKC -5
401584900,2023-24,2023-12-01,regular-season,SA,ATL,35.0,31.0,39.0,30.0,26.0,36.0,39.0,36.0,135.0,137.0,False,AWAY,Caesars Sportsbook (Colorado),210,-260,6.5,246.0,ATL -6.5
401584901,2023-24,2023-12-01,regular-season,GS,LAC,31.0,30.0,25.0,34.0,24.0,26.0,27.0,37.0,120.0,114.0,True,HOME,Caesars Sportsbook (Colorado),-130,110,-2.0,229.0,GS -2
401584902,2023-24,2023-12-02,regular-season,ORL,WSH,31.0,27.0,34.0,38.0,36.0,25.0,28.0,36.0,130.0,125.0,True,HOME,Caesars Sportsbook (Colorado),-455,345,-10.5,236.5,ORL -10.5
401584903,2023-24,2023-12-02,regular-season,BOS,PHI,44.0,25.0,26.0,30.0,36.0,36.0,25.0,22.0,125.0,119.0,True,HOME,Caesars Sportsbook (Colorado),-700,500,-11.5,218.0,BOS -11.5
401584904,2023-24,2023-12-02,regular-season,TOR,NY,26.0,31.0,20.0,29.0,34.0,23.0,33.0,29.0,106.0,119.0,False,HOME,Caesars Sportsbook (Colorado),-130,110,-1.5,217.0,TOR -1.5
401584905,2023-24,2023-12-02,regular-season,DAL,MEM,20.0,24.0,28.0,22.0,28.0,31.0,20.0,29.0,94.0,108.0,False,HOME,Caesars Sportsbook (Colorado),-225,185,-6.0,224.5,DAL -6
401584906,2023-24,2023-12-02,regular-season,NO,SA,32.0,31.0,26.0,32.0,31.0,30.0,20.0,25.0,121.0,106.0,True,HOME,Caesars Sportsbook (Colorado),-700,500,-13.0,237.5,NO -13
401584907,2023-24,2023-12-02,regular-season,PHX,DEN,30.0,33.0,28.0,20.0,41.0,29.0,24.0,25.0,111.0,119.0,False,AWAY,Caesars Sportsbook (Colorado),100,-120,1.5,224.0,DEN -1.5
401584908,2023-24,2023-12-02,regular-season,LAC,GS,22.0,26.0,37.0,28.0,33.0,34.0,25.0,20.0,113.0,112.0,True,HOME,Caesars Sportsbook (Colorado),-195,162,-5.0,229.5,LAC -5
401584909,2023-24,2023-12-02,regular-season,CHA,MIN,23.0,36.0,28.0,30.0,30.0,32.0,26.0,35.0,117.0,123.0,False,AWAY,Caesars Sportsbook (Colorado),170,-205,5.5,218.5,MIN -5.5
401584910,2023-24,2023-12-03,regular-season,BKN,ORL,43.0,30.0,25.0,31.0,22.0,29.0,34.0,16.0,129.0,101.0,True,HOME,Caesars Sportsbook (Colorado),-135,115,-2.5,225.5,BKN -2.5
401584911,2023-24,2023-12-03,regular-season,DET,CLE,30.0,18.0,34.0,19.0,25.0,29.0,31.0,25.0,101.0,110.0,False,AWAY,Caesars Sportsbook (Colorado),320,-420,9.0,226.0,CLE -9
401584912,2023-24,2023-12-03,regular-season,MIA,IND,31.0,34.0,33.0,31.0,25.0,40.0,41.0,38.0,129.0,144.0,False,HOME,Caesars Sportsbook (Colorado),-190,158,-4.5,237.0,MIA -4.5
401584913,2023-24,2023-12-03,regular-season,CHI,NO,32.0,21.0,36.0,35.0,29.0,32.0,21.0,36.0,124.0,118.0,True,HOME,Caesars Sportsbook (Colorado),-115,-105,0.0,218.5,EVEN
401584914,2023-24,2023-12-03,regular-season,MIL,ATL,42.0,25.0,32.0,33.0,37.0,26.0,35.0,23.0,132.0,121.0,True,HOME,Caesars Sportsbook (Colorado),-250,205,-6.5,252.0,MIL -6.5
401584915,2023-24,2023-12-03,regular-season,DAL,OKC,27.0,29.0,28.0,36.0,33.0,39.0,35.0,19.0,120.0,126.0,False,AWAY,Caesars Sportsbook (Colorado),162,-195,5.0,235.0,OKC -5
401584916,2023-24,2023-12-03,regular-season,PHX,MEM,27.0,23.0,34.0,32.0,27.0,24.0,21.0,37.0,116.0,109.0,True,HOME,Caesars Sportsbook (Colorado),-480,360,-10.0,220.0,PHX -10
401584917,2023-24,2023-12-03,regular-season,UTAH,POR,21.0,35.0,28.0,22.0,24.0,20.0,30.0,32.0,118.0,113.0,True,HOME,Caesars Sportsbook (Colorado),-125,105,-1.5,217.5,UTAH -1.5
401584918,2023-24,2023-12-03,regular-season,SAC,DEN,25.0,39.0,24.0,35.0,30.0,20.0,28.0,39.0,123.0,117.0,True,HOME,Caesars Sportsbook (Colorado),-165,140,-3.5,235.5,SAC -3.5
401584919,2023-24,2023-12-03,regular-season,LAL,HOU,25.0,35.0,26.0,21.0,30.0,14.0,28.0,25.0,107.0,97.0,True,HOME,Caesars Sportsbook (Colorado),-180,152,-4.5,226.0,LAL -4.5
401607491,2023-24,2023-12-05,regular-season,IND,BOS,22.0,26.0,37.0,37.0,24.0,31.0,23.0,34.0,122.0,112.0,True,AWAY,Caesars Sportsbook (Colorado),170,-205,5.0,246.0,BOS -5
401607492,2023-24,2023-12-05,regular-season,SAC,NO,36.0,25.0,30.0,26.0,35.0,34.0,31.0,27.0,117.0,127.0,False,HOME,Caesars Sportsbook (Colorado),-150,126,-3.5,238.5,SAC -3.5
401607489,2023-24,2023-12-06,regular-season,MIL,NY,37.0,38.0,37.0,34.0,35.0,37.0,24.0,26.0,146.0,122.0,True,HOME,Caesars Sportsbook (Colorado),-190,158,-5.0,230.0,MIL -5
401607490,2023-24,2023-12-06,regular-season,LAL,PHX,33.0,26.0,24.0,23.0,23.0,24.0,35.0,21.0,106.0,103.0,True,HOME,Caesars Sportsbook (Colorado),-120,100,-1.5,231.5,LAL -1.5
401607494,2023-24,2023-12-07,regular-season,MIL,IND,29.0,22.0,43.0,25.0,27.0,36.0,28.0,37.0,119.0,128.0,False,HOME,Caesars Sportsbook (Colorado),-225,185,-5.0,257.0,MIL -5
401616459,2023-24,2023-12-07,regular-season,CLE,ORL,37.0,28.0,34.0,22.0,20.0,32.0,34.0,25.0,121.0,111.0,True,HOME,Caesars Sportsbook (Colorado),-180,152,-4.5,225.0,CLE -4.5
401616460,2023-24,2023-12-07,regular-season,DET,MEM,29.0,27.0,28.0,18.0,31.0,21.0,30.0,34.0,102.0,116.0,False,AWAY,Caesars Sportsbook (Colorado),100,-120,2.0,221.0,MEM -2
401616461,2023-24,2023-12-07,regular-season,TOR,MIA,32.0,34.0,18.0,19.0,37.0,27.0,23.0,25.0,103.0,112.0,False,HOME,Caesars Sportsbook (Colorado),-170,143,-4.0,219.5,TOR -4
401616462,2023-24,2023-12-07,regular-season,WSH,PHI,29.0,33.0,33.0,31.0,25.0,35.0,39.0,32.0,126.0,131.0,False,AWAY,Caesars Sportsbook (Colorado),400,-550,10.5,243.5,PHI -10.5
401616463,2023-24,2023-12-07,regular-season,ATL,BKN,33.0,23.0,26.0,31.0,31.0,22.0,28.0,33.0,113.0,114.0,False,HOME,Caesars Sportsbook (Colorado),-160,135,-3.5,242.5,ATL -3.5
401616464,2023-24,2023-12-07,regular-season,MIN,SA,25.0,21.0,25.0,31.0,22.0,31.0,18.0,23.0,102.0,94.0,True,HOME,Caesars Sportsbook (Colorado),-650,460,-12.0,231.0,MIN -12
401616465,2023-24,2023-12-07,regular-season,CHI,CHA,27.0,21.0,35.0,28.0,24.0,20.0,20.0,36.0,111.0,100.0,True,HOME,Caesars Sportsbook (Colorado),-210,175,-5.0,220.0,CHI -5
401616466,2023-24,2023-12-07,regular-season,HOU,OKC,32.0,23.0,25.0,30.0,22.0,28.0,24.0,27.0,110.0,101.0,True,AWAY,Caesars Sportsbook (Colorado),105,-125,1.5,224.5,OKC -1.5
401616467,2023-24,2023-12-07,regular-season,DAL,UTAH,40.0,34.0,35.0,38.0,29.0,22.0,23.0,23.0,147.0,97.0,True,HOME,Caesars Sportsbook (Colorado),-600,430,-11.5,235.0,DAL -11.5
401616468,2023-24,2023-12-07,regular-season,GS,POR,22.0,26.0,34.0,28.0,26.0,29.0,31.0,20.0,110.0,106.0,True,HOME,Caesars Sportsbook (Colorado),-800,550,-12.5,225.5,GS -12.5
401616469,2023-24,2023-12-07,regular-season,LAC,DEN,21.0,40.0,18.0,32.0,36.0,21.0,25.0,20.0,111.0,102.0,True,AWAY,Caesars Sportsbook (Colorado),-110,-110,1.0,229.0,DEN -1
401607493,2023-24,2023-12-08,regular-season,LAL,NO,29.0,38.0,43.0,23.0,30.0,24.0,17.0,18.0,133.0,89.0,True,HOME,Caesars Sportsbook (Colorado),-140,118,-2.0,230.5,LAL -2
401616470,2023-24,2023-12-09,regular-season,CHA,TOR,35.0,31.0,24.0,29.0,22.0,32.0,23.0,39.0,119.0,116.0,True,AWAY,Caesars Sportsbook (Colorado),192,-235,5.5,222.5,TOR -5.5
401616471,2023-24,2023-12-09,regular-season,ORL,DET,28.0,30.0,35.0,30.0,23.0,21.0,24.0,23.0,123.0,91.0,True,HOME,Caesars Sportsbook (Colorado),-550,400,-10.5,228.5,ORL -10.5
401616472,2023-24,2023-12-09,regular-season,PHI,ATL,35.0,27.0,31.0,32.0,23.0,45.0,24.0,22.0,125.0,114.0,True,HOME,Caesars Sportsbook (Colorado),-345,270,-8.0,241.5,PHI -8
401616473,2023-24,2023-12-09,regular-season,BKN,WSH,26.0,24.0,40.0,34.0,18.0,29.0,24.0,26.0,124.0,97.0,True,HOME,Caesars Sportsbook (Colorado),-480,360,-9.5,240.0,BKN -9.5
401616474,2023-24,2023-12-09,regular-season,MIA,CLE,25.0,27.0,23.0,24.0,17.0,36.0,35.0,23.0,99.0,111.0,False,AWAY,Caesars Sportsbook (Colorado),115,-135,2.0,219.5,CLE -2
401616475,2023-24,2023-12-09,regular-season,MEM,MIN,31.0,24.0,24.0,24.0,33.0,27.0,38.0,29.0,103.0,127.0,False,AWAY,Caesars Sportsbook (Colorado),205,-250,6.0,214.0,MIN -6
401616476,2023-24,2023-12-09,regular-season,OKC,GS,19.0,37.0,33.0,29.0,28.0,34.0,22.0,34.0,138.0,136.0,True,HOME,Caesars Sportsbook (Colorado),-145,122,-3.0,236.5,OKC -3
401616477,2023-24,2023-12-09,regular-season,SA,CHI,33.0,30.0,20.0,29.0,24.0,28.0,35.0,34.0,112.0,121.0,False,AWAY,Caesars Sportsbook (Colorado),115,-135,2.5,224.5,CHI -2.5
401616478,2023-24,2023-12-09,regular-season,DEN,HOU,22.0,26.0,26.0,32.0,27.0,25.0,40.0,22.0,106.0,114.0,False,HOME,Caesars Sportsbook (Colorado),-420,320,-9.0,220.5,DEN -9
401616479,2023-24,2023-12-09,regular-season,UTAH,LAC,26.0,20.0,29.0,28.0,32.0,27.0,29.0,29.0,103.0,117.0,False,AWAY,Caesars Sportsbook (Colorado),250,-320,7.5,224.0,LAC -7.5
401616480,2023-24,2023-12-09,regular-season,POR,DAL,22.0,38.0,30.0,22.0,37.0,34.0,26.0,28.0,112.0,125.0,False,AWAY,Caesars Sportsbook (Colorado),270,-345,8.0,231.5,DAL -8
401617579,2023-24,2023-12-09,regular-season,BOS,NY,33.0,41.0,35.0,24.0,32.0,33.0,30.0,28.0,133.0,123.0,True,HOME,Caesars Sportsbook (Colorado),-285,228,-7.0,221.0,BOS -7
401617581,2023-24,2023-12-09,regular-season,PHX,SAC,26.0,33.0,12.0,35.0,24.0,26.0,33.0,31.0,106.0,114.0,False,AWAY,Caesars Sportsbook (Colorado),110,-130,2.0,235.0,SAC -2
401607495,2023-24,2023-12-10,regular-season,LAL,IND,34.0,31.0,25.0,33.0,29.0,31.0,22.0,27.0,123.0,109.0,True,HOME,ESPN BET,-175,145,-3.5,242.5,LAL -3.5
401584920,2023-24,2023-12-12,regular-season,CHA,MIA,24.0,26.0,27.0,37.0,29.0,30.0,30.0,27.0,114.0,116.0,False,AWAY,Caesars Sportsbook (Colorado),140,-165,3.5,223.0,MIA -3.5
401584921,2023-24,2023-12-12,regular-season,DET,IND,36.0,25.0,32.0,30.0,33.0,33.0,32.0,33.0,123.0,131.0,False,AWAY,Caesars Sportsbook (Colorado),210,-260,6.5,248.5,IND -6.5
401584922,2023-24,2023-12-12,regular-season,ORL,CLE,22.0,29.0,30.0,23.0,29.0,25.0,15.0,25.0,104.0,94.0,True,HOME,Caesars Sportsbook (Colorado),-135,115,-2.0,225.5,ORL -2
401584923,2023-24,2023-12-12,regular-season,PHI,WSH,43.0,32.0,37.0,34.0,27.0,19.0,21.0,34.0,146.0,101.0,True,HOME,Caesars Sportsbook (Colorado),-650,460,-11.5,244.0,PHI -11.5
401584924,2023-24,2023-12-12,regular-season,ATL,DEN,36.0,26.0,24.0,36.0,28.0,37.0,38.0,26.0,122.0,129.0,False,AWAY,Caesars Sportsbook (Colorado),118,-140,2.5,240.5,DEN -2.5
401584925,2023-24,2023-12-12,regular-season,NY,TOR,35.0,31.0,32.0,38.0,35.0,25.0,37.0,33.0,136.0,130.0,True,HOME,Caesars Sportsbook (Colorado),-178,150,-4.5,221.0,NY -4.5
401584926,2023-24,2023-12-12,regular-season,HOU,SA,19.0,32.0,18.0,24.0,21.0,26.0,15.0,20.0,93.0,82.0,True,HOME,Caesars Sportsbook (Colorado),-355,278,-8.5,224.5,HOU -8.5
401584927,2023-24,2023-12-12,regular-season,MEM,DAL,24.0,27.0,28.0,34.0,29.0,38.0,29.0,24.0,113.0,120.0,False,AWAY,Caesars Sportsbook (Colorado),118,-140,2.5,227.0,DAL -2.5
401584928,2023-24,2023-12-12,regular-season,MIL,CHI,37.0,37.0,17.0,27.0,32.0,33.0,24.0,29.0,133.0,129.0,True,HOME,Caesars Sportsbook (Colorado),-550,400,-11.0,233.5,MIL -11
401584929,2023-24,2023-12-12,regular-season,NO,MIN,29.0,30.0,31.0,31.0,29.0,23.0,34.0,21.0,121.0,107.0,True,HOME,Caesars Sportsbook (Colorado),-145,122,-3.0,222.5,NO -3
401584930,2023-24,2023-12-12,regular-season,OKC,UTAH,34.0,32.0,45.0,23.0,20.0,32.0,23.0,45.0,134.0,120.0,True,HOME,Caesars Sportsbook (Colorado),-800,550,-12.5,232.5,OKC -12.5
401584931,2023-24,2023-12-12,regular-season,SAC,BKN,26.0,28.0,44.0,33.0,18.0,30.0,37.0,33.0,131.0,118.0,True,HOME,Caesars Sportsbook (Colorado),-195,162,-4.5,234.5,SAC -4.5
401584932,2023-24,2023-12-12,regular-season,LAC,POR,43.0,23.0,39.0,27.0,32.0,33.0,34.0,28.0,132.0,127.0,True,HOME,Caesars Sportsbook (Colorado),-1100,700,-14.5,220.5,LAC -14.5
401584933,2023-24,2023-12-13,regular-season,BOS,CLE,21.0,38.0,35.0,26.0,31.0,29.0,32.0,21.0,120.0,113.0,True,HOME,Caesars Sportsbook (Colorado),-700,500,-11.5,226.0,BOS -11.5
401584934,2023-24,2023-12-13,regular-season,DAL,LAL,34.0,37.0,22.0,34.0,26.0,35.0,34.0,30.0,127.0,125.0,True,AWAY,Caesars Sportsbook (Colorado),126,-150,3.0,235.5,LAL -3
401584935,2023-24,2023-12-13,regular-season,CHI,DEN,25.0,25.0,30.0,26.0,32.0,25.0,35.0,22.0,106.0,114.0,False,AWAY,Caesars Sportsbook (Colorado),210,-260,6.5,219.5,DEN -6.5
401584936,2023-24,2023-12-13,regular-season,PHX,GS,25.0,28.0,35.0,31.0,25.0,31.0,31.0,29.0,119.0,116.0,True,AWAY,Caesars Sportsbook (Colorado),105,-125,2.0,228.5,GS -2
401584937,2023-24,2023-12-13,regular-season,LAC,SAC,32.0,38.0,29.0,20.0,24.0,24.0,22.0,29.0,119.0,99.0,True,HOME,Caesars Sportsbook (Colorado),-165,140,-3.5,237.5,LAC -3.5
401584938,2023-24,2023-12-14,regular-season,DET,PHI,26.0,30.0,24.0,31.0,39.0,31.0,34.0,25.0,111.0,129.0,False,AWAY,Caesars Sportsbook (Colorado),500,-700,12.0,233.5,PHI -12
401584939,2023-24,2023-12-14,regular-season,WSH,NO,30.0,34.0,29.0,29.0,28.0,47.0,35.0,32.0,122.0,142.0,False,AWAY,Caesars Sportsbook (Colorado),222,-278,7.0,240.5,NO -7
401584940,2023-24,2023-12-14,regular-season,MIA,CHA,22.0,34.0,35.0,24.0,23.0,22.0,25.0,34.0,115.0,104.0,True,HOME,Caesars Sportsbook (Colorado),-345,270,-7.5,222.0,MIA -7.5
401584941,2023-24,2023-12-14,regular-season,TOR,ATL,31.0,33.0,39.0,32.0,39.0,27.0,29.0,33.0,135.0,128.0,True,HOME,Caesars Sportsbook (Colorado),-130,110,-2.0,241.0,TOR -2
401584942,2023-24,2023-12-14,regular-season,HOU,MEM,29.0,28.0,25.0,35.0,23.0,20.0,38.0,23.0,117.0,104.0,True,HOME,Caesars Sportsbook (Colorado),-430,328,-9.5,209.5,HOU -9.5
401584943,2023-24,2023-12-14,regular-season,MIL,IND,36.0,34.0,31.0,39.0,33.0,30.0,31.0,32.0,140.0,126.0,True,HOME,Caesars Sportsbook (Colorado),-260,210,-6.5,258.0,MIL -6.5
401584944,2023-24,2023-12-14,regular-season,SA,LAL,26.0,24.0,24.0,45.0,34.0,29.0,29.0,30.0,119.0,122.0,False,AWAY,Caesars Sportsbook (Colorado),140,-165,3.5,233.0,LAL -3.5
401584945,2023-24,2023-12-14,regular-season,PHX,BKN,22.0,34.0,32.0,24.0,31.0,33.0,22.0,30.0,112.0,116.0,False,HOME,Caesars Sportsbook (Colorado),-190,158,-4.5,231.0,PHX -4.5
401584946,2023-24,2023-12-14,regular-season,UTAH,NY,22.0,30.0,37.0,28.0,31.0,19.0,34.0,29.0,117.0,113.0,True,AWAY,Caesars Sportsbook (Colorado),185,-225,5.5,229.5,NY -5.5
401584947,2023-24,2023-12-15,regular-season,BOS,CLE,33.0,32.0,25.0,26.0,24.0,30.0,33.0,20.0,116.0,107.0,True,HOME,Caesars Sportsbook (Colorado),-365,285,-8.5,227.5,BOS -8.5
401584948,2023-24,2023-12-15,regular-season,MIA,CHI,22.0,34.0,32.0,28.0,36.0,24.0,33.0,31.0,116.0,124.0,False,HOME,Caesars Sportsbook (Colorado),-165,140,-3.5,213.0,MIA -3.5
401584949,2023-24,2023-12-15,regular-season,DAL,MIN,30.0,30.0,22.0,19.0,26.0,33.0,28.0,32.0,101.0,119.0,False,AWAY,Caesars Sportsbook (Colorado),115,-135,2.0,232.0,MIN -2
401584950,2023-24,2023-12-15,regular-season,DEN,BKN,29.0,23.0,38.0,34.0,22.0,17.0,28.0,34.0,124.0,101.0,True,HOME,Caesars Sportsbook (Colorado),-455,345,-9.5,232.0,DEN -9.5
401584951,2023-24,2023-12-15,regular-season,POR,UTAH,30.0,24.0,22.0,38.0,38.0,31.0,34.0,19.0,114.0,122.0,False,HOME,Caesars Sportsbook (Colorado),-195,162,-5.0,225.0,POR -5
401584952,2023-24,2023-12-15,regular-season,SAC,OKC,29.0,30.0,41.0,28.0,30.0,23.0,39.0,31.0,128.0,123.0,True,HOME,Caesars Sportsbook (Colorado),-140,118,-2.5,246.5,SAC -2.5
401584953,2023-24,2023-12-15,regular-season,LAC,GS,29.0,40.0,30.0,22.0,28.0,28.0,37.0,20.0,121.0,113.0,True,HOME,Caesars Sportsbook (Colorado),-225,185,-5.5,231.0,LAC -5.5
401584954,2023-24,2023-12-16,regular-season,CHA,NO,20.0,19.0,37.0,31.0,21.0,29.0,26.0,36.0,107.0,112.0,False,AWAY,Caesars Sportsbook (Colorado),320,-420,9.5,233.5,NO -9.5
401584955,2023-24,2023-12-16,regular-season,PHI,DET,26.0,35.0,33.0,30.0,22.0,17.0,23.0,30.0,124.0,92.0,True,HOME,Caesars Sportsbook (Colorado),-1400,800,-15.5,234.5,PHI -15.5
401584956,2023-24,2023-12-16,regular-season,WSH,IND,30.0,39.0,39.0,29.0,37.0,18.0,32.0,36.0,137.0,123.0,True,AWAY,Caesars Sportsbook (Colorado),270,-345,8.5,260.0,IND -8.5
401584957,2023-24,2023-12-16,regular-season,BOS,ORL,30.0,34.0,37.0,27.0,24.0,27.0,27.0,33.0,128.0,111.0,True,HOME,Caesars Sportsbook (Colorado),-205,170,-5.0,226.0,BOS -5
401584958,2023-24,2023-12-16,regular-season,TOR,ATL,24.0,25.0,29.0,26.0,30.0,29.0,28.0,38.0,104.0,125.0,False,HOME,Caesars Sportsbook (Colorado),-125,105,-2.0,241.5,TOR -2
401584959,2023-24,2023-12-16,regular-season,SA,LAL,42.0,27.0,29.0,31.0,22.0,40.0,25.0,28.0,129.0,115.0,True,AWAY,Caesars Sportsbook (Colorado),150,-178,4.0,236.0,LAL -4
401584960,2023-24,2023-12-16,regular-season,MEM,HOU,29.0,26.0,19.0,22.0,14.0,31.0,30.0,28.0,96.0,103.0,False,AWAY,Caesars Sportsbook (Colorado),126,-150,3.0,213.0,HOU -3
401584961,2023-24,2023-12-16,regular-season,PHX,NY,30.0,38.0,31.0,23.0,31.0,32.0,34.0,42.0,122.0,139.0,False,HOME,Caesars Sportsbook (Colorado),-205,170,-5.5,230.5,PHX -5.5
401584962,2023-24,2023-12-16,regular-season,MIL,DET,43.0,38.0,33.0,32.0,20.0,36.0,27.0,31.0,146.0,114.0,True,HOME,Caesars Sportsbook (Colorado),-1400,800,-16.5,241.0,MIL -16.5
401584963,2023-24,2023-12-17,regular-season,CHA,PHI,17.0,27.0,15.0,23.0,33.0,40.0,27.0,35.0,82.0,135.0,False,AWAY,Caesars Sportsbook (Colorado),430,-600,11.0,230.5,PHI -11
401584964,2023-24,2023-12-17,regular-season,CLE,ATL,41.0,29.0,22.0,35.0,28.0,24.0,29.0,38.0,127.0,119.0,True,HOME,Caesars Sportsbook (Colorado),-170,143,-4.0,235.5,CLE -4
401584965,2023-24,2023-12-17,regular-season,MIA,CHI,36.0,22.0,33.0,27.0,24.0,33.0,23.0,36.0,118.0,116.0,True,HOME,Caesars Sportsbook (Colorado),-210,175,-5.0,218.0,MIA -5
401584966,2023-24,2023-12-17,regular-season,MIN,IND,23.0,34.0,38.0,32.0,20.0,35.0,23.0,31.0,127.0,109.0,True,HOME,Caesars Sportsbook (Colorado),-430,328,-9.5,241.5,MIN -9.5
401584967,2023-24,2023-12-17,regular-season,GS,BKN,32.0,38.0,25.0,29.0,25.0,29.0,35.0,31.0,124.0,120.0,True,HOME,Caesars Sportsbook (Colorado),-155,130,-3.0,235.0,GS -3
401584968,2023-24,2023-12-17,regular-season,DEN,OKC,31.0,25.0,31.0,30.0,27.0,27.0,31.0,33.0,117.0,118.0,False,HOME,Caesars Sportsbook (Colorado),-205,170,-5.0,237.5,DEN -5
401584969,2023-24,2023-12-17,regular-season,POR,DAL,39.0,24.0,36.0,21.0,36.0,38.0,36.0,21.0,120.0,131.0,False,AWAY,Caesars Sportsbook (Colorado),170,-205,5.0,233.0,DAL -5
401584970,2023-24,2023-12-17,regular-season,SAC,UTAH,35.0,27.0,44.0,19.0,23.0,27.0,26.0,28.0,125.0,104.0,True,HOME,Caesars Sportsbook (Colorado),-455,345,-10.0,240.5,SAC -10
401584971,2023-24,2023-12-17,regular-season,LAC,NY,35.0,42.0,37.0,30.0,33.0,33.0,32.0,24.0,144.0,122.0,True,HOME,Caesars Sportsbook (Colorado),-225,185,-6.0,228.5,LAC -6
401584972,2023-24,2023-12-17,regular-season,BOS,ORL,27.0,34.0,22.0,31.0,31.0,19.0,24.0,23.0,114.0,97.0,True,HOME,Caesars Sportsbook (Colorado),-385,300,-9.0,226.5,BOS -9
401584973,2023-24,2023-12-17,regular-season,SA,NO,20.0,31.0,27.0,32.0,33.0,28.0,44.0,41.0,110.0,146.0,False,AWAY,Caesars Sportsbook (Colorado),250,-320,8.0,237.5,NO -8
401584974,2023-24,2023-12-18,regular-season,MIL,HOU,33.0,38.0,29.0,28.0,28.0,32.0,31.0,28.0,128.0,119.0,True,HOME,Caesars Sportsbook (Colorado),-278,222,-7.5,231.5,MIL -7.5
401584975,2023-24,2023-12-18,regular-season,PHX,WSH,21.0,25.0,35.0,31.0,29.0,29.0,31.0,19.0,112.0,108.0,True,HOME,Caesars Sportsbook (Colorado),-800,550,-13.0,245.5,PHX -13
401584976,2023-24,2023-12-18,regular-season,POR,GS,23.0,26.0,35.0,30.0,27.0,38.0,24.0,29.0,114.0,118.0,False,AWAY,Caesars Sportsbook (Colorado),185,-225,6.0,232.5,GS -6
401584977,2023-24,2023-12-19,regular-season,CLE,HOU,33.0,24.0,42.0,23.0,34.0,25.0,39.0,24.0,135.0,130.0,True,HOME,Caesars Sportsbook (Colorado),-170,143,-4.0,215.0,CLE -4
401584978,2023-24,2023-12-19,regular-season,IND,LAC,38.0,28.0,28.0,33.0,37.0,40.0,37.0,37.0,127.0,151.0,False,AWAY,Caesars Sportsbook (Colorado),143,-170,4.0,247.0,LAC -4
401584979,2023-24,2023-12-19,regular-season,PHI,CHI,24.0,20.0,25.0,35.0,25.0,30.0,26.0,27.0,104.0,108.0,False,HOME,Caesars Sportsbook (Colorado),-550,400,-10.0,225.5,PHI -10
401584980,2023-24,2023-12-19,regular-season,ATL,DET,38.0,23.0,35.0,34.0,25.0,27.0,32.0,40.0,130.0,124.0,True,HOME,Caesars Sportsbook (Colorado),-650,460,-12.0,247.0,ATL -12
401584981,2023-24,2023-12-19,regular-season,MIA,MIN,33.0,33.0,17.0,25.0,22.0,32.0,23.0,35.0,108.0,112.0,False,AWAY,Caesars Sportsbook (Colorado),115,-135,2.0,217.5,MIN -2
401584982,2023-24,2023-12-19,regular-season,TOR,CHA,19.0,29.0,31.0,35.0,27.0,25.0,29.0,18.0,114.0,99.0,True,HOME,Caesars Sportsbook (Colorado),-700,500,-12.0,224.0,TOR -12
401584983,2023-24,2023-12-19,regular-season,OKC,MEM,34.0,34.0,26.0,22.0,26.0,27.0,13.0,31.0,116.0,97.0,True,HOME,Caesars Sportsbook (Colorado),-550,400,-10.5,229.5,OKC -10.5
401584984,2023-24,2023-12-19,regular-season,DEN,DAL,28.0,40.0,30.0,32.0,20.0,39.0,21.0,24.0,130.0,104.0,True,HOME,Caesars Sportsbook (Colorado),-385,300,-8.5,238.0,DEN -8.5
401584985,2023-24,2023-12-19,regular-season,UTAH,BKN,28.0,26.0,34.0,37.0,28.0,31.0,23.0,26.0,125.0,108.0,True,AWAY,Caesars Sportsbook (Colorado),135,-160,3.5,234.5,BKN -3.5
401584986,2023-24,2023-12-19,regular-season,SAC,WSH,27.0,39.0,46.0,31.0,31.0,25.0,35.0,40.0,143.0,131.0,True,HOME,Caesars Sportsbook (Colorado),-1000,650,-14.0,250.5,SAC -14
401584987,2023-24,2023-12-19,regular-season,LAL,NY,27.0,31.0,22.0,29.0,35.0,22.0,33.0,24.0,109.0,114.0,False,HOME,Caesars Sportsbook (Colorado),-190,158,-4.5,235.0,LAL -4.5
401584988,2023-24,2023-12-20,regular-season,NO,MEM,21.0,39.0,27.0,26.0,25.0,16.0,36.0,38.0,113.0,115.0,False,HOME,Caesars Sportsbook (Colorado),-345,270,-8.5,229.0,NO -8.5
401584989,2023-24,2023-12-20,regular-season,MIL,SA,44.0,28.0,35.0,25.0,26.0,33.0,26.0,34.0,132.0,119.0,True,HOME,Caesars Sportsbook (Colorado),-1600,900,-16.5,249.5,MIL -16.5
401584990,2023-24,2023-12-20,regular-season,GS,BOS,30.0,32.0,24.0,35.0,40.0,25.0,32.0,24.0,132.0,126.0,True,AWAY,Caesars Sportsbook (Colorado),158,-190,4.5,234.5,BOS -4.5
401584991,2023-24,2023-12-20,regular-season,POR,PHX,20.0,29.0,38.0,22.0,36.0,25.0,20.0,23.0,109.0,104.0,True,AWAY,Caesars Sportsbook (Colorado),240,-305,7.0,230.5,PHX -7
401584992,2023-24,2023-12-21,regular-season,CLE,UTAH,36.0,26.0,30.0,32.0,27.0,29.0,37.0,23.0,124.0,116.0,True,HOME,Caesars Sportsbook (Colorado),-205,170,-5.0,227.0,CLE -5
401584993,2023-24,2023-12-21,regular-season,IND,CHA,31.0,40.0,36.0,37.0,29.0,31.0,26.0,27.0,144.0,113.0,True,HOME,Caesars Sportsbook (Colorado),-480,360,-10.0,248.0,IND -10
401584994,2023-24,2023-12-21,regular-season,ORL,MIA,24.0,26.0,22.0,34.0,25.0,43.0,21.0,26.0,106.0,115.0,False,HOME,Caesars Sportsbook (Colorado),-205,170,-5.5,219.0,ORL -5.5
401584995,2023-24,2023-12-21,regular-season,PHI,MIN,28.0,36.0,26.0,37.0,24.0,36.0,27.0,26.0,127.0,113.0,True,HOME,Caesars Sportsbook (Colorado),-155,130,-3.5,225.5,PHI -3.5
401584996,2023-24,2023-12-21,regular-season,BKN,NY,20.0,31.0,26.0,25.0,32.0,28.0,30.0,31.0,102.0,121.0,False,AWAY,Caesars Sportsbook (Colorado),-105,-115,1.0,232.5,NY -1
401584997,2023-24,2023-12-21,regular-season,TOR,DEN,20.0,24.0,31.0,29.0,29.0,32.0,29.0,23.0,104.0,113.0,False,AWAY,Caesars Sportsbook (Colorado),143,-170,4.0,229.0,DEN -4
401584998,2023-24,2023-12-21,regular-season,CHI,LAL,33.0,28.0,29.0,34.0,22.0,33.0,23.0,30.0,124.0,108.0,True,AWAY,Caesars Sportsbook (Colorado),150,-178,4.0,224.0,LAL -4
401584999,2023-24,2023-12-21,regular-season,HOU,ATL,29.0,36.0,35.0,27.0,39.0,38.0,21.0,36.0,127.0,134.0,False,HOME,Caesars Sportsbook (Colorado),-165,140,-3.5,233.5,HOU -3.5
401585000,2023-24,2023-12-21,regular-season,DAL,LAC,22.0,34.0,27.0,28.0,35.0,32.0,18.0,35.0,111.0,120.0,False,AWAY,Caesars Sportsbook (Colorado),110,-130,2.0,236.5,LAC -2
401585001,2023-24,2023-12-21,regular-season,SAC,BOS,41.0,25.0,24.0,29.0,38.0,36.0,39.0,31.0,119.0,144.0,False,HOME,Caesars Sportsbook (Colorado),-155,130,-3.0,236.5,SAC -3
401585002,2023-24,2023-12-22,regular-season,DET,UTAH,32.0,26.0,30.0,23.0,34.0,30.0,26.0,29.0,111.0,119.0,False,HOME,Caesars Sportsbook (Colorado),-130,110,-2.0,235.0,DET -2
401585003,2023-24,2023-12-22,regular-season,CLE,NO,28.0,24.0,24.0,28.0,36.0,30.0,28.0,29.0,104.0,123.0,False,AWAY,Caesars Sportsbook (Colorado),143,-170,3.5,224.5,NO -3.5
401585004,2023-24,2023-12-22,regular-season,CHI,SA,27.0,25.0,25.0,37.0,28.0,20.0,22.0,25.0,114.0,95.0,True,HOME,Caesars Sportsbook (Colorado),-235,192,-6.0,229.5,CHI -6
401585005,2023-24,2023-12-22,regular-season,MEM,IND,35.0,23.0,28.0,30.0,22.0,34.0,21.0,26.0,116.0,103.0,True,HOME,Caesars Sportsbook (Colorado),-140,118,-2.0,246.0,MEM -2
401585006,2023-24,2023-12-22,regular-season,MIL,ORL,28.0,31.0,32.0,27.0,31.0,25.0,26.0,32.0,118.0,114.0,True,HOME,Caesars Sportsbook (Colorado),-365,285,-8.5,239.0,MIL -8.5
401585007,2023-24,2023-12-22,regular-season,OKC,LAC,35.0,29.0,45.0,25.0,29.0,30.0,33.0,23.0,134.0,115.0,True,HOME,Caesars Sportsbook (Colorado),-240,196,-6.0,237.5,OKC -6
401585008,2023-24,2023-12-22,regular-season,MIN,LAL,36.0,27.0,24.0,31.0,32.0,27.0,24.0,28.0,118.0,111.0,True,HOME,Caesars Sportsbook (Colorado),-355,278,-8.5,223.5,MIN -8.5
401585009,2023-24,2023-12-22,regular-season,POR,WSH,24.0,30.0,26.0,37.0,33.0,34.0,26.0,25.0,117.0,118.0,False,HOME,Caesars Sportsbook (Colorado),-165,140,-4.0,238.5,POR -4
401585010,2023-24,2023-12-23,regular-season,PHI,TOR,28.0,33.0,32.0,28.0,37.0,21.0,31.0,22.0,121.0,111.0,True,HOME,Caesars Sportsbook (Colorado),-320,250,-7.5,230.5,PHI -7.5
401585011,2023-24,2023-12-23,regular-season,BKN,DEN,28.0,32.0,26.0,31.0,28.0,30.0,30.0,34.0,117.0,122.0,False,AWAY,Caesars Sportsbook (Colorado),158,-190,5.0,231.0,DEN -5
401585012,2023-24,2023-12-23,regular-season,MIA,ATL,33.0,29.0,26.0,34.0,26.0,34.0,26.0,27.0,122.0,113.0,True,HOME,Caesars Sportsbook (Colorado),-120,100,-1.0,238.5,MIA -1
401585013,2023-24,2023-12-23,regular-season,HOU,DAL,23.0,33.0,33.0,33.0,17.0,22.0,21.0,36.0,122.0,96.0,True,HOME,Caesars Sportsbook (Colorado),-355,278,-8.5,222.0,HOU -8.5
401585014,2023-24,2023-12-23,regular-season,GS,WSH,28.0,35.0,38.0,28.0,25.0,36.0,22.0,35.0,129.0,118.0,True,HOME,Caesars Sportsbook (Colorado),-600,430,-11.0,248.5,GS -11
401585015,2023-24,2023-12-23,regular-season,SAC,PHX,35.0,30.0,38.0,17.0,30.0,24.0,30.0,21.0,120.0,105.0,True,HOME,Caesars Sportsbook (Colorado),-165,140,-3.5,244.5,SAC -3.5
401585016,2023-24,2023-12-23,regular-season,NY,MIL,27.0,27.0,33.0,24.0,36.0,26.0,38.0,30.0,111.0,130.0,False,AWAY,Caesars Sportsbook (Colorado),110,-130,2.0,243.0,MIL -2
401585017,2023-24,2023-12-23,regular-season,LAC,BOS,21.0,30.0,30.0,27.0,28.0,40.0,38.0,39.0,108.0,145.0,False,AWAY,Caesars Sportsbook (Colorado),100,-120,1.5,231.0,BOS -1.5
401585018,2023-24,2023-12-24,regular-season,CHA,DEN,27.0,33.0,9.0,26.0,25.0,29.0,30.0,18.0,95.0,102.0,False,AWAY,Caesars Sportsbook (Colorado),430,-600,11.0,223.5,DEN -11
401585019,2023-24,2023-12-24,regular-season,IND,ORL,27.0,32.0,33.0,18.0,36.0,37.0,20.0,24.0,110.0,117.0,False,HOME,Caesars Sportsbook (Colorado),-135,115,-2.0,246.0,IND -2
401585020,2023-24,2023-12-24,regular-season,NO,HOU,24.0,27.0,33.0,20.0,26.0,21.0,32.0,27.0,104.0,106.0,False,HOME,Caesars Sportsbook (Colorado),-305,240,-7.5,226.5,NO -7.5
401585021,2023-24,2023-12-24,regular-season,ATL,MEM,32.0,28.0,33.0,26.0,25.0,25.0,40.0,35.0,119.0,125.0,False,HOME,Caesars Sportsbook (Colorado),-130,110,-1.5,237.5,ATL -1.5
401585022,2023-24,2023-12-24,regular-season,BKN,DET,32.0,33.0,33.0,28.0,21.0,35.0,26.0,33.0,126.0,115.0,True,HOME,Caesars Sportsbook (Colorado),-455,345,-9.5,231.0,BKN -9.5
401585023,2023-24,2023-12-24,regular-season,TOR,UTAH,34.0,37.0,27.0,21.0,31.0,24.0,30.0,41.0,119.0,126.0,False,HOME,Caesars Sportsbook (Colorado),-225,185,-6.0,232.0,TOR -6
401585024,2023-24,2023-12-24,regular-season,CHI,CLE,30.0,26.0,16.0,23.0,32.0,25.0,25.0,27.0,95.0,109.0,False,HOME,Caesars Sportsbook (Colorado),-225,185,-6.5,214.5,CHI -6.5
401585025,2023-24,2023-12-24,regular-season,OKC,LAL,39.0,20.0,32.0,29.0,36.0,35.0,36.0,22.0,120.0,129.0,False,HOME,Caesars Sportsbook (Colorado),-175,148,-4.0,239.0,OKC -4
401585026,2023-24,2023-12-24,regular-season,DAL,SA,40.0,32.0,45.0,27.0,29.0,37.0,20.0,33.0,144.0,119.0,True,HOME,Caesars Sportsbook (Colorado),-355,278,-8.5,242.5,DAL -8.5
401585027,2023-24,2023-12-24,regular-season,GS,POR,23.0,34.0,32.0,37.0,30.0,16.0,31.0,29.0,126.0,106.0,True,HOME,Caesars Sportsbook (Colorado),-385,300,-8.5,230.5,GS -8.5
401585028,2023-24,2023-12-24,regular-season,SAC,MIN,20.0,27.0,23.0,28.0,28.0,31.0,22.0,29.0,98.0,110.0,False,HOME,Caesars Sportsbook (Colorado),-155,130,-3.0,233.5,SAC -3
401585029,2023-24,2023-12-25,regular-season,NY,MIL,36.0,26.0,36.0,31.0,27.0,24.0,36.0,35.0,129.0,122.0,True,AWAY,Caesars Sportsbook (Colorado),140,-165,3.5,241.5,MIL -3.5
401585030,2023-24,2023-12-25,regular-season,DEN,GS,29.0,24.0,39.0,28.0,26.0,28.0,35.0,25.0,120.0,114.0,True,HOME,Caesars Sportsbook (Colorado),-285,228,-7.0,234.5,DEN -7
401585031,2023-24,2023-12-25,regular-season,LAL,BOS,23.0,34.0,33.0,25.0,32.0,26.0,41.0,27.0,115.0,126.0,False,AWAY,Caesars Sportsbook (Colorado),170,-205,5.0,235.0,BOS -5
401585032,2023-24,2023-12-26,regular-season,MIA,PHI,26.0,37.0,23.0,33.0,22.0,27.0,37.0,27.0,119.0,113.0,True,HOME,Caesars Sportsbook (Colorado),-140,118,-2.0,227.5,MIA -2
401585033,2023-24,2023-12-26,regular-season,PHX,DAL,24.0,30.0,38.0,22.0,36.0,28.0,27.0,37.0,114.0,128.0,False,HOME,Caesars Sportsbook (Colorado),-175,148,-4.0,243.5,PHX -4
401585034,2023-24,2023-12-27,regular-season,DET,BKN,31.0,23.0,31.0,27.0,25.0,36.0,27.0,30.0,112.0,118.0,False,AWAY,Caesars Sportsbook (Colorado),196,-240,6.5,228.5,BKN -6.5
401585035,2023-24,2023-12-27,regular-season,WSH,ORL,33.0,27.0,28.0,31.0,33.0,30.0,35.0,29.0,119.0,127.0,False,AWAY,Caesars Sportsbook (Colorado),228,-285,7.0,237.0,ORL -7
401585036,2023-24,2023-12-27,regular-season,CHI,ATL,28.0,22.0,33.0,35.0,17.0,39.0,29.0,28.0,118.0,113.0,True,AWAY,Caesars Sportsbook (Colorado),122,-145,2.5,237.0,ATL -2.5
401585037,2023-24,2023-12-27,regular-season,HOU,IND,33.0,34.0,23.0,27.0,33.0,31.0,37.0,22.0,117.0,123.0,False,HOME,Caesars Sportsbook (Colorado),-145,122,-3.0,239.0,HOU -3
401585038,2023-24,2023-12-27,regular-season,NO,MEM,19.0,29.0,32.0,23.0,24.0,19.0,24.0,36.0,115.0,116.0,False,HOME,Caesars Sportsbook (Colorado),-190,158,-4.5,229.5,NO -4.5
401585039,2023-24,2023-12-27,regular-season,OKC,MIN,40.0,26.0,36.0,27.0,35.0,25.0,31.0,15.0,129.0,106.0,True,HOME,Caesars Sportsbook (Colorado),-140,118,-3.0,228.5,OKC -3
401585040,2023-24,2023-12-27,regular-season,SA,UTAH,32.0,28.0,33.0,25.0,27.0,37.0,36.0,30.0,118.0,130.0,False,AWAY,Caesars Sportsbook (Colorado),126,-150,2.5,242.5,UTAH -2.5
401585041,2023-24,2023-12-27,regular-season,POR,SAC,32.0,35.0,37.0,26.0,33.0,27.0,35.0,18.0,130.0,113.0,True,AWAY,Caesars Sportsbook (Colorado),275,-350,8.0,237.0,SAC -8
401585042,2023-24,2023-12-27,regular-season,LAC,CHA,26.0,29.0,27.0,31.0,27.0,23.0,30.0,24.0,113.0,104.0,True,HOME,Caesars Sportsbook (Colorado),-600,430,-11.5,226.5,LAC -11.5
401585043,2023-24,2023-12-28,regular-season,ORL,PHI,25.0,21.0,29.0,17.0,26.0,26.0,32.0,28.0,92.0,112.0,False,HOME,Caesars Sportsbook (Colorado),-135,115,-2.5,228.5,ORL -2.5
401585044,2023-24,2023-12-28,regular-season,WSH,TOR,25.0,25.0,31.0,21.0,31.0,28.0,38.0,35.0,102.0,132.0,False,AWAY,Caesars Sportsbook (Colorado),196,-240,6.5,242.0,TOR -6.5
401585045,2023-24,2023-12-28,regular-season,BKN,MIL,31.0,28.0,33.0,30.0,32.0,34.0,34.0,44.0,122.0,144.0,False,AWAY,Caesars Sportsbook (Colorado),360,-480,10.0,244.0,MIL -10
401585046,2023-24,2023-12-28,regular-season,HOU,PHX,24.0,31.0,29.0,29.0,30.0,43.0,31.0,25.0,113.0,129.0,False,AWAY,Caesars Sportsbook (Colorado),135,-160,3.0,225.0,PHX -3
401585047,2023-24,2023-12-28,regular-season,OKC,NY,38.0,31.0,24.0,36.0,25.0,35.0,29.0,31.0,129.0,120.0,True,HOME,Caesars Sportsbook (Colorado),-165,140,-3.5,241.0,OKC -3.5
401585048,2023-24,2023-12-28,regular-season,DAL,CLE,39.0,30.0,21.0,20.0,27.0,27.0,28.0,31.0,110.0,113.0,False,HOME,Caesars Sportsbook (Colorado),-260,210,-6.5,232.0,DAL -6.5
401585049,2023-24,2023-12-29,regular-season,BOS,DET,27.0,20.0,35.0,26.0,30.0,36.0,16.0,26.0,128.0,122.0,True,HOME,Caesars Sportsbook (Colorado),-1000,650,-16.5,234.0,BOS -16.5
401585050,2023-24,2023-12-29,regular-season,CHI,IND,31.0,21.0,25.0,27.0,37.0,26.0,22.0,35.0,104.0,120.0,False,AWAY,Caesars Sportsbook (Colorado),-105,-115,1.0,238.5,IND -1
401585051,2023-24,2023-12-29,regular-season,MIN,DAL,37.0,24.0,37.0,20.0,26.0,30.0,35.0,19.0,118.0,110.0,True,HOME,Caesars Sportsbook (Colorado),-900,600,-12.5,228.0,MIN -12.5
401585052,2023-24,2023-12-29,regular-season,NO,UTAH,39.0,20.0,22.0,31.0,37.0,14.0,25.0,29.0,112.0,105.0,True,HOME,Caesars Sportsbook (Colorado),-440,335,-9.0,239.5,NO -9
401585053,2023-24,2023-12-29,regular-season,DEN,MEM,33.0,32.0,41.0,36.0,27.0,21.0,35.0,22.0,142.0,105.0,True,HOME,Caesars Sportsbook (Colorado),-350,275,-8.5,224.0,DEN -8.5
401585054,2023-24,2023-12-29,regular-season,GS,MIA,25.0,26.0,25.0,26.0,22.0,36.0,33.0,23.0,102.0,114.0,False,HOME,Caesars Sportsbook (Colorado),-225,185,-6.5,231.0,GS -6.5
401585055,2023-24,2023-12-29,regular-season,POR,SA,14.0,31.0,29.0,31.0,38.0,21.0,28.0,31.0,105.0,118.0,False,HOME,Caesars Sportsbook (Colorado),-170,143,-4.0,233.0,POR -4
401585056,2023-24,2023-12-29,regular-season,LAL,CHA,28.0,30.0,41.0,34.0,31.0,26.0,23.0,32.0,133.0,112.0,True,HOME,Caesars Sportsbook (Colorado),-800,550,-12.5,226.5,LAL -12.5
401585057,2023-24,2023-12-30,regular-season,ORL,NY,26.0,29.0,31.0,31.0,29.0,15.0,30.0,34.0,117.0,108.0,True,AWAY,Caesars Sportsbook (Colorado),-110,-110,1.0,227.0,NY -1
401585058,2023-24,2023-12-30,regular-season,WSH,BKN,25.0,29.0,30.0,26.0,25.0,28.0,33.0,18.0,110.0,104.0,True,AWAY,Caesars Sportsbook (Colorado),205,-250,6.0,242.0,BKN -6
401585059,2023-24,2023-12-30,regular-season,ATL,SAC,36.0,35.0,20.0,19.0,23.0,30.0,33.0,31.0,110.0,117.0,False,PICKEM,Caesars Sportsbook (Colorado),-110,-110,0.0,252.0,EVEN
401585060,2023-24,2023-12-30,regular-season,BOS,TOR,35.0,33.0,31.0,21.0,20.0,33.0,33.0,32.0,120.0,118.0,True,HOME,Caesars Sportsbook (Colorado),-215,178,-5.5,225.0,BOS -5.5
401585061,2023-24,2023-12-30,regular-season,CLE,MIL,37.0,22.0,21.0,31.0,31.0,21.0,40.0,27.0,111.0,119.0,False,AWAY,Caesars Sportsbook (Colorado),162,-195,4.5,241.0,MIL -4.5
401585062,2023-24,2023-12-30,regular-season,HOU,PHI,32.0,31.0,34.0,30.0,26.0,36.0,28.0,41.0,127.0,131.0,False,AWAY,Caesars Sportsbook (Colorado),-105,-115,1.0,224.0,PHI -1
401585063,2023-24,2023-12-30,regular-season,DEN,OKC,27.0,21.0,20.0,25.0,33.0,21.0,34.0,31.0,93.0,119.0,False,HOME,Caesars Sportsbook (Colorado),-120,100,-1.5,237.5,DEN -1.5
401585064,2023-24,2023-12-30,regular-season,PHX,CHA,36.0,32.0,35.0,30.0,30.0,28.0,31.0,30.0,133.0,119.0,True,HOME,Caesars Sportsbook (Colorado),-1400,800,-16.0,232.0,PHX -16
401585065,2023-24,2023-12-30,regular-season,POR,SA,29.0,42.0,33.0,30.0,29.0,27.0,38.0,34.0,134.0,128.0,True,HOME,Caesars Sportsbook (Colorado),-220,180,-5.5,232.0,POR -5.5
401585066,2023-24,2023-12-30,regular-season,LAC,MEM,33.0,26.0,35.0,23.0,25.0,29.0,21.0,31.0,117.0,106.0,True,HOME,Caesars Sportsbook (Colorado),-175,148,-4.5,230.0,LAC -4.5
401585067,2023-24,2023-12-30,regular-season,UTAH,MIA,27.0,27.0,34.0,29.0,28.0,25.0,35.0,21.0,117.0,109.0,True,AWAY,Caesars Sportsbook (Colorado),140,-165,3.0,231.0,MIA -3
401585068,2023-24,2023-12-30,regular-season,DET,TOR,25.0,27.0,38.0,39.0,24.0,20.0,42.0,41.0,129.0,127.0,True,AWAY,Caesars Sportsbook (Colorado),135,-160,4.0,233.0,TOR -4
401585069,2023-24,2023-12-31,regular-season,IND,NY,32.0,32.0,41.0,35.0,27.0,35.0,30.0,34.0,140.0,126.0,True,HOME,Caesars Sportsbook (Colorado),-180,152,-4.5,249.0,IND -4.5
401585070,2023-24,2023-12-31,regular-season,CHI,PHI,21.0,35.0,24.0,25.0,17.0,31.0,23.0,21.0,105.0,92.0,True,HOME,Caesars Sportsbook (Colorado),-110,-110,-1.0,225.5,CHI -1
401585071,2023-24,2023-12-31,regular-season,MIN,LAL,29.0,32.0,21.0,26.0,31.0,26.0,20.0,29.0,108.0,106.0,True,HOME,Caesars Sportsbook (Colorado),-180,152,-4.0,226.5,MIN -4
401585072,2023-24,2023-12-31,regular-season,GS,DAL,26.0,28.0,35.0,33.0,34.0,29.0,38.0,31.0,122.0,132.0,False,HOME,Caesars Sportsbook (Colorado),-165,140,-4.0,244.0,GS -4
401585073,2023-24,2023-12-31,regular-season,WSH,ATL,30.0,28.0,29.0,39.0,28.0,42.0,30.0,30.0,126.0,130.0,False,AWAY,Caesars Sportsbook (Colorado),210,-260,6.5,252.5,ATL -6.5
401585074,2023-24,2024-01-01,regular-season,NO,LAL,42.0,32.0,30.0,25.0,33.0,24.0,32.0,20.0,129.0,109.0,True,HOME,Caesars Sportsbook (Colorado),-250,205,-6.5,232.5,NO -6.5
401585075,2023-24,2024-01-01,regular-season,OKC,BKN,33.0,26.0,30.0,35.0,36.0,20.0,23.0,29.0,124.0,108.0,True,HOME,Caesars Sportsbook (Colorado),-292,235,-7.5,234.0,OKC -7.5
401585076,2023-24,2024-01-01,regular-season,SA,BOS,22.0,31.0,23.0,25.0,30.0,35.0,40.0,29.0,101.0,134.0,False,AWAY,Caesars Sportsbook (Colorado),700,-1100,14.5,241.0,BOS -14.5
401585077,2023-24,2024-01-01,regular-season,MEM,SAC,29.0,29.0,21.0,13.0,34.0,36.0,31.0,22.0,92.0,123.0,False,HOME,Caesars Sportsbook (Colorado),-120,100,-1.5,237.0,MEM -1.5
401585078,2023-24,2024-01-01,regular-season,PHX,ORL,37.0,30.0,22.0,23.0,24.0,34.0,29.0,20.0,112.0,107.0,True,HOME,Caesars Sportsbook (Colorado),-235,192,-6.0,232.0,PHX -6
401585079,2023-24,2024-01-01,regular-season,NY,MIN,23.0,38.0,33.0,18.0,32.0,17.0,29.0,28.0,112.0,106.0,True,AWAY,Caesars Sportsbook (Colorado),-105,-115,1.0,223.0,MIN -1
401585080,2023-24,2024-01-02,regular-season,TOR,CLE,41.0,26.0,31.0,26.0,32.0,27.0,32.0,30.0,124.0,121.0,True,HOME,Caesars Sportsbook (Colorado),-140,118,-2.5,227.5,TOR -2.5
401585081,2023-24,2024-01-02,regular-season,HOU,DET,31.0,28.0,47.0,30.0,29.0,26.0,25.0,33.0,136.0,113.0,True,HOME,Caesars Sportsbook (Colorado),-430,328,-9.5,228.0,HOU -9.5
401585082,2023-24,2024-01-02,regular-season,MIL,IND,32.0,30.0,26.0,25.0,25.0,31.0,28.0,38.0,113.0,122.0,False,HOME,Caesars Sportsbook (Colorado),-350,275,-8.5,261.5,MIL -8.5
401585083,2023-24,2024-01-02,regular-season,DEN,CHA,24.0,25.0,40.0,22.0,18.0,31.0,17.0,27.0,111.0,93.0,True,HOME,Caesars Sportsbook (Colorado),-1600,900,-16.0,227.0,DEN -16
401585084,2023-24,2024-01-02,regular-season,PHX,POR,20.0,35.0,31.0,23.0,29.0,18.0,14.0,27.0,109.0,88.0,True,HOME,Caesars Sportsbook (Colorado),-430,328,-9.5,228.0,PHX -9.5
401585085,2023-24,2024-01-02,regular-season,UTAH,DAL,37.0,25.0,31.0,34.0,26.0,29.0,24.0,11.0,127.0,90.0,True,AWAY,Caesars Sportsbook (Colorado),135,-160,3.5,246.5,DAL -3.5
401585086,2023-24,2024-01-02,regular-season,LAC,MIA,23.0,36.0,36.0,26.0,35.0,23.0,27.0,19.0,121.0,104.0,True,HOME,Caesars Sportsbook (Colorado),-355,278,-8.0,227.5,LAC -8
401585087,2023-24,2024-01-03,regular-season,PHI,CHI,43.0,30.0,25.0,12.0,18.0,24.0,30.0,25.0,110.0,97.0,True,HOME,Caesars Sportsbook (Colorado),-550,400,-10.5,223.5,PHI -10.5
401585088,2023-24,2024-01-03,regular-season,MEM,SA,20.0,27.0,33.0,26.0,23.0,17.0,28.0,30.0,106.0,98.0,True,HOME,Caesars Sportsbook (Colorado),-600,430,-11.0,236.0,MEM -11
401585089,2023-24,2024-01-03,regular-season,NO,BKN,32.0,27.0,26.0,27.0,18.0,16.0,24.0,27.0,112.0,85.0,True,HOME,Caesars Sportsbook (Colorado),-235,192,-5.5,228.5,NO -5.5
401585090,2023-24,2024-01-03,regular-season,OKC,BOS,31.0,27.0,40.0,29.0,29.0,32.0,25.0,37.0,127.0,123.0,True,AWAY,Caesars Sportsbook (Colorado),140,-165,4.0,240.0,BOS -4
401585091,2023-24,2024-01-03,regular-season,GS,ORL,30.0,25.0,32.0,34.0,28.0,27.0,26.0,34.0,121.0,115.0,True,HOME,Caesars Sportsbook (Colorado),-155,130,-3.0,230.0,GS -3
401585092,2023-24,2024-01-03,regular-season,SAC,CHA,21.0,29.0,28.0,26.0,25.0,20.0,30.0,36.0,104.0,111.0,False,HOME,Caesars Sportsbook (Colorado),-1600,900,-16.0,231.0,SAC -16
401585093,2023-24,2024-01-04,regular-season,CLE,WSH,34.0,33.0,34.0,39.0,31.0,24.0,20.0,26.0,140.0,101.0,True,HOME,Caesars Sportsbook (Colorado),-440,335,-9.5,239.0,CLE -9.5
401585094,2023-24,2024-01-04,regular-season,IND,MIL,33.0,33.0,47.0,29.0,31.0,37.0,29.0,33.0,142.0,130.0,True,AWAY,Caesars Sportsbook (Colorado),140,-165,3.5,257.5,MIL -3.5
401585095,2023-24,2024-01-04,regular-season,ATL,OKC,39.0,37.0,40.0,25.0,25.0,34.0,44.0,35.0,141.0,138.0,True,AWAY,Caesars Sportsbook (Colorado),100,-120,1.0,248.5,OKC -1
401585096,2023-24,2024-01-04,regular-season,NY,CHI,26.0,25.0,35.0,30.0,24.0,31.0,23.0,22.0,116.0,100.0,True,HOME,Caesars Sportsbook (Colorado),-430,328,-9.0,220.5,NY -9
401585097,2023-24,2024-01-04,regular-season,HOU,BKN,26.0,23.0,38.0,25.0,22.0,28.0,25.0,26.0,112.0,101.0,True,HOME,Caesars Sportsbook (Colorado),-205,170,-5.0,221.0,HOU -5
401585098,2023-24,2024-01-04,regular-season,MEM,TOR,29.0,19.0,28.0,35.0,30.0,32.0,31.0,23.0,111.0,116.0,False,HOME,Caesars Sportsbook (Colorado),-125,105,-1.5,227.5,MEM -1.5
401585099,2023-24,2024-01-04,regular-season,MIN,NO,24.0,22.0,25.0,35.0,27.0,32.0,33.0,25.0,106.0,117.0,False,HOME,Caesars Sportsbook (Colorado),-250,205,-6.0,222.0,MIN -6
401585100,2023-24,2024-01-04,regular-season,DAL,POR,35.0,43.0,24.0,24.0,25.0,22.0,27.0,23.0,126.0,97.0,True,HOME,Caesars Sportsbook (Colorado),-700,500,-11.5,237.5,DAL -11.5
401585101,2023-24,2024-01-04,regular-season,PHX,LAC,20.0,31.0,40.0,31.0,35.0,35.0,37.0,24.0,122.0,131.0,False,AWAY,Caesars Sportsbook (Colorado),143,-170,4.0,232.0,LAC -4
401585102,2023-24,2024-01-04,regular-season,UTAH,DET,26.0,40.0,38.0,34.0,33.0,35.0,41.0,29.0,154.0,148.0,True,HOME,Caesars Sportsbook (Colorado),-355,278,-9.0,240.5,UTAH -9
401585103,2023-24,2024-01-04,regular-season,LAL,MIA,18.0,27.0,22.0,29.0,25.0,28.0,19.0,38.0,96.0,110.0,False,HOME,Caesars Sportsbook (Colorado),-225,185,-6.0,228.5,LAL -6
401585104,2023-24,2024-01-04,regular-season,SAC,ORL,27.0,40.0,24.0,27.0,30.0,25.0,34.0,29.0,138.0,135.0,True,HOME,Caesars Sportsbook (Colorado),-205,170,-5.0,231.0,SAC -5
401585105,2023-24,2024-01-05,regular-season,SA,MIL,31.0,28.0,34.0,28.0,38.0,26.0,29.0,32.0,121.0,125.0,False,AWAY,Caesars Sportsbook (Colorado),430,-600,11.5,248.0,MIL -11.5
401585106,2023-24,2024-01-05,regular-season,GS,DEN,33.0,30.0,44.0,20.0,34.0,36.0,24.0,36.0,127.0,130.0,False,AWAY,Caesars Sportsbook (Colorado),140,-165,4.5,234.5,DEN -4.5
401585107,2023-24,2024-01-06,regular-season,BOS,UTAH,30.0,41.0,36.0,19.0,15.0,25.0,35.0,22.0,126.0,97.0,True,HOME,Caesars Sportsbook (Colorado),-1100,700,-14.0,239.5,BOS -14
401585108,2023-24,2024-01-06,regular-season,IND,ATL,38.0,40.0,39.0,33.0,24.0,30.0,29.0,33.0,150.0,116.0,True,HOME,Caesars Sportsbook (Colorado),-170,143,-3.5,263.0,IND -3.5
401585109,2023-24,2024-01-06,regular-season,BKN,OKC,39.0,36.0,26.0,23.0,21.0,26.0,32.0,36.0,124.0,115.0,True,AWAY,Caesars Sportsbook (Colorado),185,-225,5.5,234.5,OKC -5.5
401585110,2023-24,2024-01-06,regular-season,CLE,WSH,36.0,16.0,32.0,30.0,26.0,14.0,19.0,31.0,114.0,90.0,True,HOME,Caesars Sportsbook (Colorado),-480,360,-10.5,240.0,CLE -10.5
401585111,2023-24,2024-01-06,regular-season,PHI,NY,30.0,25.0,21.0,16.0,34.0,41.0,18.0,35.0,92.0,128.0,False,HOME,Caesars Sportsbook (Colorado),-250,205,-6.0,229.5,PHI -6
401585112,2023-24,2024-01-06,regular-season,CHI,CHA,23.0,24.0,27.0,30.0,22.0,19.0,28.0,22.0,104.0,91.0,True,HOME,Caesars Sportsbook (Colorado),,,-8.5,223.5,CHI -8.5
401585113,2023-24,2024-01-06,regular-season,HOU,MIN,24.0,22.0,26.0,23.0,32.0,24.0,28.0,38.0,95.0,122.0,False,AWAY,Caesars Sportsbook (Colorado),143,-170,3.5,219.0,MIN -3.5
401585114,2023-24,2024-01-06,regular-season,NO,LAC,26.0,15.0,27.0,27.0,26.0,30.0,36.0,19.0,95.0,111.0,False,PICKEM,Caesars Sportsbook (Colorado),-110,-110,0.0,229.0,EVEN
401585115,2023-24,2024-01-06,regular-season,DAL,POR,38.0,24.0,40.0,37.0,26.0,27.0,16.0,34.0,139.0,103.0,True,HOME,Caesars Sportsbook (Colorado),-550,400,-10.5,237.5,DAL -10.5
401585116,2023-24,2024-01-06,regular-season,DEN,ORL,37.0,30.0,31.0,22.0,28.0,26.0,41.0,27.0,120.0,122.0,False,HOME,Caesars Sportsbook (New Jersey),-420,320,-9.0,223.0,DEN -9
401585117,2023-24,2024-01-06,regular-season,PHX,MIA,33.0,29.0,32.0,19.0,29.0,26.0,20.0,22.0,113.0,97.0,True,HOME,Caesars Sportsbook (New Jersey),-170,143,-4.0,229.5,PHX -4
401585118,2023-24,2024-01-06,regular-season,GS,DET,22.0,28.0,29.0,34.0,20.0,26.0,29.0,34.0,113.0,109.0,True,HOME,Caesars Sportsbook (Colorado),-455,345,-9.5,241.0,GS -9.5
401585119,2023-24,2024-01-06,regular-season,LAL,MEM,38.0,21.0,35.0,19.0,29.0,29.0,36.0,33.0,113.0,127.0,False,HOME,Caesars Sportsbook (Colorado),-195,162,-4.5,227.0,LAL -4.5
401585120,2023-24,2024-01-06,regular-season,SAC,TOR,36.0,41.0,30.0,28.0,27.0,30.0,40.0,33.0,135.0,130.0,True,HOME,Caesars Sportsbook (Colorado),-205,170,-5.0,239.5,SAC -5
401585121,2023-24,2024-01-07,regular-season,IND,BOS,17.0,32.0,32.0,20.0,29.0,29.0,26.0,34.0,101.0,118.0,False,AWAY,Caesars Sportsbook (Colorado),222,-278,7.0,250.0,BOS -7
401585122,2023-24,2024-01-07,regular-season,WSH,NY,19.0,24.0,32.0,30.0,34.0,29.0,28.0,30.0,105.0,121.0,False,AWAY,Caesars Sportsbook (Colorado),320,-420,9.0,238.5,NY -9
401585123,2023-24,2024-01-07,regular-season,PHI,UTAH,28.0,29.0,22.0,30.0,32.0,26.0,29.0,33.0,109.0,120.0,False,HOME,Caesars Sportsbook (Colorado),-250,205,-6.0,236.0,PHI -6
401585124,2023-24,2024-01-07,regular-season,HOU,MIL,29.0,34.0,26.0,23.0,18.0,25.0,30.0,35.0,112.0,108.0,True,AWAY,Caesars Sportsbook (Colorado),215,-267,7.0,236.5,MIL -7
401585125,2023-24,2024-01-07,regular-season,CLE,SA,28.0,34.0,26.0,29.0,32.0,24.0,28.0,31.0,117.0,115.0,True,HOME,Caesars Sportsbook (Colorado),-550,400,-10.0,232.5,CLE -10
401585126,2023-24,2024-01-07,regular-season,BKN,POR,30.0,22.0,41.0,22.0,26.0,24.0,35.0,30.0,127.0,134.0,False,HOME,Caesars Sportsbook (Colorado),-420,320,-9.5,225.5,BKN -9.5
401585127,2023-24,2024-01-07,regular-season,ORL,ATL,32.0,19.0,34.0,20.0,28.0,32.0,18.0,27.0,117.0,110.0,True,AWAY,Caesars Sportsbook (Colorado),118,-140,2.5,240.5,ATL -2.5
401585128,2023-24,2024-01-07,regular-season,SAC,NO,21.0,26.0,14.0,39.0,33.0,39.0,31.0,30.0,100.0,133.0,False,HOME,Caesars Sportsbook (Colorado),-190,158,-4.5,233.5,SAC -4.5
401585129,2023-24,2024-01-08,regular-season,DAL,MIN,30.0,30.0,31.0,24.0,29.0,27.0,26.0,26.0,115.0,108.0,True,AWAY,Caesars Sportsbook (Colorado),115,-135,2.0,234.5,MIN -2
401585130,2023-24,2024-01-08,regular-season,DEN,DET,31.0,34.0,43.0,23.0,29.0,28.0,28.0,29.0,131.0,114.0,True,HOME,Caesars Sportsbook (Colorado),-2000,1050,-16.0,236.0,DEN -16
401585131,2023-24,2024-01-08,regular-season,PHX,MEM,32.0,31.0,34.0,18.0,26.0,32.0,28.0,35.0,115.0,121.0,False,HOME,Caesars Sportsbook (Colorado),-355,278,-8.5,229.5,PHX -8.5
401585132,2023-24,2024-01-08,regular-season,GS,TOR,28.0,21.0,38.0,31.0,36.0,40.0,25.0,32.0,118.0,133.0,False,HOME,Caesars Sportsbook (Colorado),-130,110,-2.0,237.5,GS -2
401585133,2023-24,2024-01-08,regular-season,LAL,LAC,19.0,30.0,32.0,25.0,24.0,29.0,24.0,26.0,106.0,103.0,True,AWAY,Caesars Sportsbook (Colorado),170,-205,5.0,232.5,LAC -5
401585134,2023-24,2024-01-09,regular-season,CHA,CHI,25.0,18.0,33.0,31.0,24.0,27.0,32.0,24.0,112.0,119.0,False,AWAY,Caesars Sportsbook (Colorado),222,-278,6.5,216.0,CHI -6.5
401585135,2023-24,2024-01-09,regular-season,IND,BOS,33.0,26.0,44.0,30.0,34.0,34.0,33.0,30.0,133.0,131.0,True,AWAY,Caesars Sportsbook (Colorado),130,-155,3.0,247.0,BOS -3
401585136,2023-24,2024-01-09,regular-season,WSH,OKC,30.0,31.0,36.0,31.0,36.0,31.0,35.0,34.0,128.0,136.0,False,AWAY,Caesars Sportsbook (Colorado),400,-550,10.5,245.0,OKC -10.5
401585137,2023-24,2024-01-09,regular-season,MIA,HOU,34.0,25.0,32.0,29.0,27.0,32.0,23.0,31.0,120.0,113.0,True,HOME,Caesars Sportsbook (Colorado),-170,143,-4.0,220.0,MIA -4
401585138,2023-24,2024-01-09,regular-season,MIL,UTAH,23.0,23.0,44.0,26.0,41.0,36.0,23.0,32.0,116.0,132.0,False,HOME,Caesars Sportsbook (Colorado),-355,278,-8.0,242.0,MIL -8
401585139,2023-24,2024-01-09,regular-season,LAC,PHX,34.0,37.0,30.0,37.0,31.0,32.0,28.0,20.0,138.0,111.0,True,HOME,Caesars Sportsbook (Colorado),-205,170,-5.0,234.5,LAC -5
401585140,2023-24,2024-01-10,regular-season,DET,SAC,47.0,18.0,30.0,15.0,29.0,39.0,30.0,33.0,110.0,131.0,False,AWAY,Caesars Sportsbook (Colorado),430,-600,11.0,241.0,SAC -11
401585141,2023-24,2024-01-10,regular-season,ORL,MIN,16.0,21.0,29.0,26.0,33.0,34.0,23.0,23.0,92.0,113.0,False,AWAY,Caesars Sportsbook (Colorado),170,-205,5.5,217.0,MIN -5.5
401585142,2023-24,2024-01-10,regular-season,NY,POR,38.0,25.0,34.0,15.0,22.0,19.0,20.0,23.0,112.0,84.0,True,HOME,Caesars Sportsbook (Colorado),-900,600,-12.5,229.0,NY -12.5
401585143,2023-24,2024-01-10,regular-season,DAL,MEM,22.0,31.0,30.0,20.0,29.0,39.0,35.0,17.0,103.0,120.0,False,HOME,Caesars Sportsbook (Colorado),-385,300,-9.5,235.0,DAL -9.5
401585144,2023-24,2024-01-10,regular-season,LAL,TOR,28.0,23.0,37.0,44.0,24.0,29.0,36.0,42.0,132.0,131.0,True,HOME,Caesars Sportsbook (Colorado),-205,170,-5.0,238.0,LAL -5
401585145,2023-24,2024-01-11,regular-season,BOS,MIN,32.0,22.0,25.0,32.0,27.0,26.0,32.0,26.0,127.0,120.0,True,HOME,Caesars Sportsbook (New Jersey),-440,335,-9.5,224.0,BOS -9.5
401585146,2023-24,2024-01-11,regular-season,CHA,SAC,28.0,31.0,21.0,18.0,33.0,38.0,24.0,28.0,98.0,123.0,False,AWAY,Caesars Sportsbook (Colorado),275,-350,8.0,230.0,SAC -8
401585147,2023-24,2024-01-11,regular-season,DET,SA,19.0,32.0,26.0,31.0,31.0,32.0,32.0,35.0,108.0,130.0,False,AWAY,Caesars Sportsbook (Colorado),135,-160,3.5,238.5,SA -3.5
401585148,2023-24,2024-01-11,regular-season,IND,WSH,23.0,31.0,35.0,23.0,21.0,34.0,25.0,24.0,112.0,104.0,True,HOME,Caesars Sportsbook (Colorado),-365,285,-8.5,251.5,IND -8.5
401585149,2023-24,2024-01-11,regular-season,ATL,PHI,34.0,27.0,34.0,30.0,31.0,33.0,34.0,27.0,139.0,132.0,True,AWAY,Caesars Sportsbook (Colorado),100,-120,1.0,244.5,PHI -1
401585150,2023-24,2024-01-11,regular-season,MIA,OKC,35.0,34.0,27.0,24.0,29.0,36.0,34.0,29.0,120.0,128.0,False,AWAY,Caesars Sportsbook (Colorado),158,-190,4.5,233.5,OKC -4.5
401585151,2023-24,2024-01-11,regular-season,CHI,HOU,28.0,34.0,32.0,18.0,24.0,30.0,29.0,29.0,124.0,119.0,True,HOME,Caesars Sportsbook (Colorado),-170,143,-3.5,216.5,CHI -3.5
401585152,2023-24,2024-01-11,regular-season,UTAH,DEN,35.0,36.0,28.0,25.0,24.0,29.0,25.0,33.0,124.0,111.0,True,AWAY,Caesars Sportsbook (Colorado),205,-250,6.5,237.5,DEN -6.5
401585153,2023-24,2024-01-11,regular-season,GS,NO,27.0,33.0,23.0,22.0,46.0,27.0,32.0,36.0,105.0,141.0,False,AWAY,Caesars Sportsbook (Colorado),118,-140,2.5,233.5,NO -2.5
401585154,2023-24,2024-01-11,regular-season,LAC,TOR,28.0,30.0,33.0,35.0,29.0,28.0,35.0,28.0,126.0,120.0,True,HOME,Caesars Sportsbook (Colorado),-600,430,-11.5,233.5,LAC -11.5
401585155,2023-24,2024-01-11,regular-season,CLE,BKN,26.0,28.0,24.0,33.0,16.0,18.0,26.0,42.0,111.0,102.0,True,HOME,Caesars Sportsbook (Colorado),-175,148,-4.0,222.0,CLE -4
401585156,2023-24,2024-01-12,regular-season,MIL,BOS,41.0,34.0,36.0,24.0,23.0,15.0,32.0,32.0,135.0,102.0,True,HOME,Caesars Sportsbook (Colorado),-135,115,-2.0,247.5,MIL -2
401585157,2023-24,2024-01-12,regular-season,OKC,POR,36.0,39.0,43.0,21.0,24.0,15.0,17.0,21.0,139.0,77.0,True,HOME,Caesars Sportsbook (Colorado),-1000,650,-13.5,236.5,OKC -13.5
401585158,2023-24,2024-01-12,regular-season,DAL,NY,44.0,30.0,27.0,27.0,26.0,29.0,31.0,38.0,128.0,124.0,True,AWAY,Caesars Sportsbook (Colorado),170,-205,5.0,235.0,NY -5
401585159,2023-24,2024-01-12,regular-season,LAL,PHX,25.0,27.0,26.0,31.0,36.0,30.0,39.0,22.0,109.0,127.0,False,AWAY,Caesars Sportsbook (Colorado),105,-125,1.5,238.5,PHX -1.5
401585160,2023-24,2024-01-13,regular-season,PHI,SAC,29.0,36.0,22.0,25.0,21.0,25.0,27.0,20.0,112.0,93.0,True,HOME,Caesars Sportsbook (Colorado),-115,-105,-1.0,241.5,PHI -1
401585161,2023-24,2024-01-13,regular-season,ATL,IND,30.0,32.0,19.0,27.0,34.0,34.0,31.0,27.0,108.0,126.0,False,HOME,Caesars Sportsbook (Colorado),-225,185,-6.0,251.5,ATL -6
401585162,2023-24,2024-01-13,regular-season,DET,HOU,30.0,25.0,36.0,19.0,23.0,32.0,33.0,24.0,110.0,112.0,False,AWAY,Caesars Sportsbook (Colorado),270,-345,8.0,226.0,HOU -8
401585163,2023-24,2024-01-13,regular-season,MIA,ORL,30.0,26.0,19.0,24.0,22.0,33.0,18.0,23.0,99.0,96.0,True,HOME,Caesars Sportsbook (Colorado),-125,105,-1.5,219.5,MIA -1.5
401585164,2023-24,2024-01-13,regular-season,CHI,GS,30.0,45.0,20.0,36.0,33.0,29.0,48.0,30.0,131.0,140.0,False,HOME,Caesars Sportsbook (Colorado),-145,122,-2.5,228.5,CHI -2.5
401585165,2023-24,2024-01-13,regular-season,MEM,LAC,26.0,27.0,26.0,40.0,23.0,42.0,35.0,28.0,119.0,128.0,False,AWAY,Caesars Sportsbook (Colorado),285,-365,8.5,224.5,LAC -8.5
401585166,2023-24,2024-01-13,regular-season,MIN,POR,36.0,27.0,25.0,28.0,15.0,27.0,15.0,36.0,116.0,93.0,True,HOME,Caesars Sportsbook (Colorado),-1600,900,-16.0,220.5,MIN -16
401585167,2023-24,2024-01-13,regular-season,DEN,NO,37.0,29.0,34.0,25.0,25.0,26.0,29.0,33.0,125.0,113.0,True,HOME,Caesars Sportsbook (Colorado),-240,196,-6.0,230.0,DEN -6
401585168,2023-24,2024-01-13,regular-season,UTAH,TOR,28.0,36.0,41.0,40.0,25.0,22.0,38.0,28.0,145.0,113.0,True,HOME,Caesars Sportsbook (Colorado),-135,115,-2.0,242.0,UTAH -2
401585169,2023-24,2024-01-13,regular-season,SA,CHA,28.0,38.0,37.0,32.0,22.0,23.0,26.0,28.0,135.0,99.0,True,HOME,Caesars Sportsbook (Colorado),-135,115,-2.0,236.0,SA -2
401585170,2023-24,2024-01-14,regular-season,BOS,HOU,35.0,34.0,43.0,33.0,31.0,27.0,28.0,27.0,145.0,113.0,True,HOME,Caesars Sportsbook (Colorado),-1100,700,-14.5,226.5,BOS -14.5
401585171,2023-24,2024-01-14,regular-season,ATL,WSH,25.0,22.0,24.0,28.0,30.0,28.0,41.0,28.0,99.0,127.0,False,HOME,Caesars Sportsbook (Colorado),-355,278,-8.0,249.5,ATL -8
401585172,2023-24,2024-01-14,regular-season,MEM,NY,27.0,30.0,15.0,22.0,25.0,28.0,30.0,23.0,94.0,106.0,False,AWAY,Caesars Sportsbook (Colorado),460,-650,11.5,219.0,NY -11.5
401585173,2023-24,2024-01-14,regular-season,MIL,GS,33.0,21.0,29.0,46.0,24.0,32.0,25.0,37.0,129.0,118.0,True,HOME,Caesars Sportsbook (Colorado),-1100,700,-14.0,240.5,MIL -14
401585174,2023-24,2024-01-14,regular-season,OKC,ORL,23.0,26.0,37.0,26.0,21.0,19.0,33.0,27.0,112.0,100.0,True,HOME,Caesars Sportsbook (Colorado),-650,460,-11.0,232.0,OKC -11
401585175,2023-24,2024-01-14,regular-season,DAL,NO,20.0,34.0,27.0,27.0,29.0,20.0,39.0,30.0,108.0,118.0,False,HOME,Caesars Sportsbook (Colorado),-240,196,-6.0,228.0,DAL -6
401585176,2023-24,2024-01-14,regular-season,SA,CHI,23.0,32.0,39.0,22.0,35.0,28.0,31.0,28.0,116.0,122.0,False,AWAY,Caesars Sportsbook (Colorado),215,-267,6.5,229.0,CHI -6.5
401585177,2023-24,2024-01-14,regular-season,UTAH,LAL,31.0,33.0,36.0,32.0,39.0,28.0,28.0,30.0,132.0,125.0,True,HOME,Caesars Sportsbook (Colorado),-150,126,-3.0,237.5,UTAH -3
401585178,2023-24,2024-01-14,regular-season,DEN,IND,28.0,32.0,29.0,28.0,28.0,29.0,27.0,25.0,117.0,109.0,True,HOME,Caesars Sportsbook (Colorado),-550,400,-10.5,239.5,DEN -10.5
401585179,2023-24,2024-01-14,regular-season,MIA,CHA,26.0,26.0,25.0,27.0,16.0,15.0,30.0,26.0,104.0,87.0,True,HOME,Caesars Sportsbook (Colorado),-400,310,-8.5,226.0,MIA -8.5
401585180,2023-24,2024-01-15,regular-season,MIL,SAC,32.0,36.0,27.0,33.0,37.0,29.0,25.0,37.0,143.0,142.0,True,HOME,Caesars Sportsbook (Colorado),-178,150,-4.0,246.0,MIL -4
401585181,2023-24,2024-01-15,regular-season,MIN,LAC,29.0,17.0,35.0,28.0,19.0,26.0,23.0,37.0,109.0,105.0,True,HOME,Caesars Sportsbook (Colorado),-115,-105,-1.0,223.5,MIN -1
401585182,2023-24,2024-01-15,regular-season,POR,PHX,33.0,28.0,31.0,24.0,31.0,40.0,35.0,21.0,116.0,127.0,False,AWAY,Caesars Sportsbook (Colorado),700,-1100,14.0,234.5,PHX -14
401585183,2023-24,2024-01-15,regular-season,PHI,HOU,33.0,33.0,32.0,26.0,19.0,28.0,30.0,38.0,124.0,115.0,True,HOME,Caesars Sportsbook (Colorado),-355,278,-8.0,228.5,PHI -8
401585184,2023-24,2024-01-15,regular-season,DAL,NO,33.0,26.0,33.0,33.0,17.0,42.0,40.0,21.0,125.0,120.0,True,AWAY,Caesars Sportsbook (Colorado),162,-195,4.5,236.5,NO -4.5
401585185,2023-24,2024-01-15,regular-season,NY,ORL,24.0,28.0,26.0,16.0,24.0,26.0,23.0,25.0,94.0,98.0,False,HOME,Caesars Sportsbook (Colorado),-260,210,-6.5,219.5,NY -6.5
401585186,2023-24,2024-01-15,regular-season,WSH,DET,22.0,40.0,25.0,30.0,29.0,34.0,31.0,35.0,117.0,129.0,False,HOME,Caesars Sportsbook (Colorado),-235,192,-6.0,240.5,WSH -6
401585187,2023-24,2024-01-15,regular-season,ATL,SA,35.0,34.0,18.0,22.0,16.0,18.0,33.0,32.0,109.0,99.0,True,HOME,Caesars Sportsbook (Colorado),-345,270,-8.5,246.0,ATL -8.5
401585188,2023-24,2024-01-15,regular-season,MEM,GS,23.0,31.0,31.0,31.0,29.0,27.0,30.0,21.0,116.0,107.0,True,AWAY,Caesars Sportsbook (Colorado),260,-335,8.0,226.0,GS -8
401585189,2023-24,2024-01-16,regular-season,CLE,CHI,40.0,20.0,20.0,29.0,21.0,25.0,31.0,14.0,109.0,91.0,True,HOME,Caesars Sportsbook (Colorado),-175,148,-4.5,221.5,CLE -4.5
401585190,2023-24,2024-01-16,regular-season,BKN,MIA,22.0,23.0,24.0,19.0,16.0,15.0,37.0,20.0,95.0,96.0,False,AWAY,Caesars Sportsbook (Colorado),-110,-110,1.0,221.0,MIA -1
401585191,2023-24,2024-01-16,regular-season,TOR,BOS,25.0,30.0,20.0,21.0,29.0,32.0,23.0,21.0,96.0,105.0,False,AWAY,Caesars Sportsbook (Colorado),205,-250,6.5,238.5,BOS -6.5
401585192,2023-24,2024-01-16,regular-season,UTAH,IND,33.0,31.0,41.0,27.0,26.0,24.0,29.0,26.0,132.0,105.0,True,HOME,Caesars Sportsbook (Colorado),-260,210,-7.0,246.5,UTAH -7
401585193,2023-24,2024-01-16,regular-season,LAL,OKC,27.0,23.0,34.0,28.0,26.0,24.0,26.0,29.0,112.0,105.0,True,AWAY,Caesars Sportsbook (Colorado),122,-145,2.5,242.0,OKC -2.5
401585194,2023-24,2024-01-17,regular-season,PHI,DEN,36.0,42.0,21.0,27.0,38.0,40.0,26.0,17.0,126.0,121.0,True,HOME,Caesars Sportsbook (Colorado),-135,115,-1.5,232.5,PHI -1.5
401585195,2023-24,2024-01-17,regular-season,PHX,SAC,27.0,24.0,33.0,35.0,39.0,29.0,28.0,21.0,119.0,117.0,True,HOME,Caesars Sportsbook (Colorado),-175,148,-4.5,244.0,PHX -4.5
401585196,2023-24,2024-01-17,regular-season,LAC,OKC,35.0,30.0,34.0,29.0,30.0,31.0,28.0,28.0,128.0,117.0,True,HOME,Caesars Sportsbook (Colorado),-240,196,-6.5,240.0,LAC -6.5
401585197,2023-24,2024-01-18,regular-season,DET,MIN,40.0,22.0,28.0,27.0,39.0,31.0,28.0,26.0,117.0,124.0,False,AWAY,Caesars Sportsbook (Colorado),550,-800,12.5,222.0,MIN -12.5
401585198,2023-24,2024-01-18,regular-season,ATL,ORL,26.0,23.0,29.0,28.0,26.0,25.0,25.0,28.0,106.0,104.0,True,HOME,Caesars Sportsbook (Colorado),-180,152,-4.0,229.0,ATL -4
401585199,2023-24,2024-01-18,regular-season,BOS,SA,30.0,40.0,24.0,23.0,25.0,20.0,33.0,20.0,117.0,98.0,True,HOME,Caesars Sportsbook (Colorado),-1400,800,-14.5,237.0,BOS -14.5
401585200,2023-24,2024-01-18,regular-season,CLE,MIL,32.0,34.0,42.0,27.0,22.0,19.0,26.0,28.0,135.0,95.0,True,HOME,Caesars Sportsbook (Colorado),-115,-105,-1.0,236.0,CLE -1
401585201,2023-24,2024-01-18,regular-season,NY,HOU,23.0,25.0,29.0,32.0,25.0,21.0,23.0,25.0,109.0,94.0,True,HOME,Caesars Sportsbook (Colorado),-285,228,-7.0,224.0,NY -7
401585202,2023-24,2024-01-18,regular-season,TOR,MIA,41.0,37.0,16.0,27.0,18.0,25.0,30.0,24.0,121.0,97.0,True,AWAY,Caesars Sportsbook (Colorado),130,-155,3.0,225.0,MIA -3
401585203,2023-24,2024-01-18,regular-season,NO,CHA,43.0,23.0,30.0,36.0,36.0,25.0,21.0,30.0,132.0,112.0,True,HOME,Caesars Sportsbook (Colorado),-900,600,-12.5,229.5,NO -12.5
401585205,2023-24,2024-01-18,regular-season,LAL,DAL,32.0,23.0,42.0,30.0,26.0,27.0,27.0,30.0,127.0,110.0,True,HOME,Caesars Sportsbook (Colorado),-165,140,-4.0,244.0,LAL -4
401585206,2023-24,2024-01-18,regular-season,POR,BKN,24.0,27.0,23.0,31.0,23.0,29.0,31.0,20.0,105.0,103.0,True,AWAY,Caesars Sportsbook (Colorado),178,-215,5.5,222.0,BKN -5.5
401585207,2023-24,2024-01-19,regular-season,NY,WSH,22.0,24.0,27.0,40.0,22.0,23.0,27.0,37.0,113.0,109.0,True,HOME,Caesars Sportsbook (Colorado),-700,500,-11.5,234.0,NY -11.5
401585208,2023-24,2024-01-19,regular-season,TOR,CHI,27.0,31.0,28.0,24.0,38.0,25.0,27.0,26.0,110.0,116.0,False,AWAY,Caesars Sportsbook (Colorado),110,-130,2.0,228.5,CHI -2
401585209,2023-24,2024-01-19,regular-season,UTAH,OKC,27.0,40.0,28.0,34.0,39.0,37.0,22.0,36.0,129.0,134.0,False,AWAY,Caesars Sportsbook (Colorado),122,-145,3.0,245.5,OKC -3
401585210,2023-24,2024-01-19,regular-season,MIN,MEM,30.0,20.0,31.0,37.0,30.0,25.0,31.0,17.0,118.0,103.0,True,HOME,Caesars Sportsbook (Colorado),-800,550,-12.5,215.0,MIN -12.5
401585211,2023-24,2024-01-19,regular-season,SAC,IND,31.0,26.0,32.0,32.0,34.0,36.0,29.0,27.0,121.0,126.0,False,HOME,Caesars Sportsbook (Colorado),-345,270,-8.0,244.5,SAC -8
401585212,2023-24,2024-01-20,regular-season,CHA,SA,34.0,32.0,31.0,27.0,32.0,26.0,27.0,35.0,124.0,120.0,True,HOME,Caesars Sportsbook (Colorado),-190,158,-5.0,236.0,CHA -5
401585213,2023-24,2024-01-20,regular-season,ORL,PHI,34.0,26.0,16.0,33.0,32.0,36.0,21.0,35.0,109.0,124.0,False,AWAY,Caesars Sportsbook (Colorado),175,-210,5.5,222.5,PHI -5.5
401585214,2023-24,2024-01-20,regular-season,BOS,DEN,32.0,29.0,21.0,18.0,31.0,24.0,26.0,21.0,100.0,102.0,False,HOME,Caesars Sportsbook (Colorado),-285,228,-7.0,234.0,BOS -7
401585215,2023-24,2024-01-20,regular-season,MIA,ATL,24.0,32.0,27.0,25.0,32.0,25.0,24.0,28.0,108.0,109.0,False,HOME,Caesars Sportsbook (Colorado),-285,228,-7.0,221.5,MIA -7
401585216,2023-24,2024-01-20,regular-season,NO,PHX,28.0,24.0,28.0,29.0,41.0,28.0,31.0,23.0,109.0,123.0,False,HOME,Caesars Sportsbook (Colorado),-145,122,-2.5,238.0,NO -2.5
401585218,2023-24,2024-01-20,regular-season,POR,IND,34.0,30.0,24.0,30.0,31.0,22.0,28.0,34.0,118.0,115.0,True,AWAY,Caesars Sportsbook (Colorado),260,-335,8.0,238.5,IND -8
401585219,2023-24,2024-01-20,regular-season,LAL,BKN,37.0,31.0,22.0,22.0,28.0,34.0,38.0,30.0,112.0,130.0,False,HOME,Caesars Sportsbook (Colorado),-305,240,-7.5,227.0,LAL -7.5
401585220,2023-24,2024-01-20,regular-season,DET,MIL,38.0,29.0,31.0,37.0,34.0,36.0,33.0,38.0,135.0,141.0,False,AWAY,Caesars Sportsbook (Colorado),700,-1100,13.5,245.5,MIL -13.5
401585221,2023-24,2024-01-21,regular-season,CHA,PHI,24.0,21.0,28.0,16.0,24.0,22.0,23.0,28.0,89.0,97.0,False,AWAY,Caesars Sportsbook (Colorado),460,-650,12.0,226.5,PHI -12
401585222,2023-24,2024-01-21,regular-season,WSH,SA,36.0,30.0,34.0,27.0,37.0,35.0,28.0,31.0,127.0,131.0,False,HOME,Caesars Sportsbook (Colorado),-130,110,-2.0,242.0,WSH -2
401585223,2023-24,2024-01-21,regular-season,ATL,CLE,20.0,25.0,25.0,25.0,25.0,34.0,34.0,23.0,95.0,116.0,False,AWAY,Caesars Sportsbook (Colorado),115,-135,2.0,232.0,CLE -2
401585224,2023-24,2024-01-21,regular-season,NY,TOR,31.0,28.0,33.0,34.0,31.0,26.0,21.0,22.0,126.0,100.0,True,HOME,Caesars Sportsbook (Colorado),-305,240,-7.5,229.5,NY -7.5
401585225,2023-24,2024-01-21,regular-season,CHI,MEM,21.0,29.0,36.0,39.0,17.0,23.0,29.0,27.0,125.0,96.0,True,HOME,Caesars Sportsbook (Colorado),-345,270,-8.0,217.0,CHI -8
401585226,2023-24,2024-01-21,regular-season,HOU,UTAH,31.0,33.0,25.0,26.0,24.0,27.0,38.0,26.0,127.0,126.0,True,HOME,Caesars Sportsbook (Colorado),-130,110,-2.0,234.0,HOU -2
401585227,2023-24,2024-01-21,regular-season,MIN,OKC,24.0,30.0,29.0,14.0,30.0,27.0,17.0,28.0,97.0,102.0,False,HOME,Caesars Sportsbook (Colorado),-155,130,-3.0,229.0,MIN -3
401585228,2023-24,2024-01-21,regular-season,LAC,BKN,24.0,25.0,35.0,41.0,27.0,34.0,38.0,15.0,125.0,114.0,True,HOME,Caesars Sportsbook (Colorado),-455,345,-9.5,227.5,LAC -9.5
401585229,2023-24,2024-01-21,regular-season,ORL,MIA,22.0,26.0,33.0,24.0,19.0,27.0,23.0,18.0,105.0,87.0,True,HOME,Caesars Sportsbook (Colorado),-115,-105,-1.0,213.5,ORL -1
401585230,2023-24,2024-01-21,regular-season,WSH,DEN,24.0,28.0,26.0,26.0,33.0,29.0,27.0,24.0,104.0,113.0,False,AWAY,Caesars Sportsbook (Colorado),550,-800,12.5,237.0,DEN -12.5
401585231,2023-24,2024-01-22,regular-season,HOU,BOS,25.0,30.0,25.0,27.0,35.0,35.0,20.0,26.0,107.0,116.0,False,AWAY,Caesars Sportsbook (Colorado),500,-700,11.5,226.5,BOS -11.5
401585232,2023-24,2024-01-22,regular-season,PHX,IND,33.0,32.0,26.0,26.0,25.0,36.0,22.0,27.0,117.0,110.0,True,HOME,Caesars Sportsbook (Colorado),-225,185,-5.5,246.0,PHX -5.5
401585233,2023-24,2024-01-22,regular-season,LAL,POR,36.0,31.0,36.0,31.0,31.0,23.0,33.0,23.0,134.0,110.0,True,HOME,Caesars Sportsbook (Colorado),-600,430,-12.0,229.5,LAL -12
401585234,2023-24,2024-01-23,regular-season,DET,MIL,30.0,26.0,29.0,28.0,30.0,28.0,31.0,33.0,113.0,122.0,False,AWAY,Caesars Sportsbook (Colorado),550,-800,12.5,248.5,MIL -12.5
401585235,2023-24,2024-01-23,regular-season,ORL,CLE,19.0,28.0,27.0,25.0,38.0,34.0,35.0,19.0,99.0,126.0,False,AWAY,Caesars Sportsbook (Colorado),122,-145,2.0,215.0,CLE -2
401585236,2023-24,2024-01-23,regular-season,PHI,SA,34.0,28.0,42.0,29.0,35.0,23.0,31.0,34.0,133.0,123.0,True,HOME,Caesars Sportsbook (Colorado),-1400,800,-13.5,237.0,PHI -13.5
401585237,2023-24,2024-01-23,regular-season,TOR,MEM,25.0,21.0,25.0,29.0,30.0,23.0,32.0,23.0,100.0,108.0,False,HOME,Caesars Sportsbook (Colorado),-285,228,-7.5,225.0,TOR -7.5
401585238,2023-24,2024-01-23,regular-season,MIN,CHA,34.0,35.0,38.0,18.0,32.0,32.0,28.0,36.0,125.0,128.0,False,HOME,Caesars Sportsbook (Colorado),-1400,800,-14.0,222.0,MIN -14
401585239,2023-24,2024-01-23,regular-season,DAL,BOS,26.0,33.0,24.0,27.0,24.0,41.0,29.0,25.0,110.0,119.0,False,AWAY,Caesars Sportsbook (Colorado),122,-145,2.5,240.0,BOS -2.5
401585240,2023-24,2024-01-23,regular-season,PHX,CHI,22.0,27.0,34.0,32.0,37.0,29.0,24.0,23.0,115.0,113.0,True,HOME,Caesars Sportsbook (Colorado),-210,175,-5.5,226.5,PHX -5.5
401585241,2023-24,2024-01-23,regular-season,SAC,ATL,27.0,30.0,30.0,35.0,24.0,16.0,29.0,38.0,122.0,107.0,True,HOME,Caesars Sportsbook (Colorado),-365,285,-9.0,238.5,SAC -9
401585242,2023-24,2024-01-24,regular-season,IND,DEN,29.0,33.0,19.0,28.0,28.0,26.0,39.0,21.0,109.0,114.0,False,AWAY,Caesars Sportsbook (Colorado),175,-210,5.0,237.5,DEN -5
401585243,2023-24,2024-01-24,regular-season,BKN,NY,28.0,21.0,36.0,18.0,26.0,24.0,26.0,32.0,103.0,108.0,False,AWAY,Caesars Sportsbook (Colorado),143,-170,4.0,224.5,NY -4
401585244,2023-24,2024-01-24,regular-season,NO,UTAH,34.0,43.0,38.0,38.0,30.0,29.0,32.0,33.0,153.0,124.0,True,HOME,Caesars Sportsbook (Colorado),-260,210,-7.0,240.0,NO -7
401585245,2023-24,2024-01-24,regular-season,OKC,POR,38.0,20.0,30.0,23.0,28.0,38.0,20.0,23.0,111.0,109.0,True,HOME,Caesars Sportsbook (Colorado),-1000,650,-13.5,232.5,OKC -13.5
401585246,2023-24,2024-01-24,regular-season,LAC,LAL,35.0,42.0,29.0,21.0,29.0,35.0,33.0,19.0,127.0,116.0,True,HOME,Caesars Sportsbook (Colorado),-420,320,-9.5,235.0,LAC -9.5
401585247,2023-24,2024-01-25,regular-season,DET,CHA,28.0,24.0,37.0,24.0,31.0,21.0,40.0,14.0,113.0,106.0,True,HOME,Caesars Sportsbook (Colorado),-145,122,-2.5,230.5,DET -2.5
401585248,2023-24,2024-01-25,regular-season,WSH,MIN,24.0,35.0,19.0,29.0,30.0,27.0,33.0,28.0,107.0,118.0,False,AWAY,Caesars Sportsbook (Colorado),460,-650,11.0,230.0,MIN -11
401585249,2023-24,2024-01-25,regular-season,MIA,MEM,22.0,20.0,26.0,28.0,21.0,28.0,33.0,23.0,96.0,105.0,False,HOME,Caesars Sportsbook (Colorado),-600,430,-10.5,213.5,MIA -10.5
401585250,2023-24,2024-01-25,regular-season,SA,OKC,28.0,24.0,24.0,38.0,35.0,28.0,37.0,40.0,114.0,140.0,False,AWAY,Caesars Sportsbook (Colorado),278,-355,8.0,242.0,OKC -8
401585251,2023-24,2024-01-25,regular-season,HOU,POR,31.0,32.0,33.0,28.0,30.0,27.0,41.0,26.0,131.0,137.0,False,HOME,Caesars Sportsbook (Colorado),-550,400,-11.0,221.5,HOU -11
401585252,2023-24,2024-01-25,regular-season,MIL,CLE,32.0,29.0,32.0,33.0,28.0,23.0,28.0,37.0,126.0,116.0,True,HOME,Caesars Sportsbook (Colorado),-305,240,-7.5,236.5,MIL -7.5
401585253,2023-24,2024-01-25,regular-season,DAL,PHX,34.0,24.0,20.0,31.0,25.0,32.0,43.0,32.0,109.0,132.0,False,AWAY,Caesars Sportsbook (Colorado),110,-130,2.0,241.0,PHX -2
401585254,2023-24,2024-01-25,regular-season,GS,ATL,38.0,31.0,32.0,33.0,31.0,37.0,24.0,20.0,134.0,112.0,True,HOME,Caesars Sportsbook (Colorado),-278,222,-6.5,235.5,GS -6.5
401585255,2023-24,2024-01-26,regular-season,IND,PHI,34.0,39.0,37.0,24.0,25.0,36.0,28.0,33.0,134.0,122.0,True,AWAY,Caesars Sportsbook (Colorado),162,-195,5.0,240.0,PHI -5
401585256,2023-24,2024-01-26,regular-season,WSH,UTAH,29.0,27.0,22.0,30.0,36.0,28.0,34.0,25.0,108.0,123.0,False,AWAY,Caesars Sportsbook (Colorado),240,-305,7.5,246.5,UTAH -7.5
401585257,2023-24,2024-01-26,regular-season,BKN,MIN,31.0,17.0,26.0,20.0,24.0,36.0,21.0,15.0,94.0,96.0,False,AWAY,Caesars Sportsbook (Colorado),140,-165,4.0,217.0,MIN -4
401585258,2023-24,2024-01-26,regular-season,MIA,BOS,29.0,35.0,26.0,20.0,42.0,35.0,36.0,30.0,110.0,143.0,False,AWAY,Caesars Sportsbook (Colorado),270,-345,8.0,224.0,BOS -8
401585259,2023-24,2024-01-26,regular-season,NY,DEN,33.0,29.0,36.0,24.0,21.0,20.0,25.0,18.0,122.0,84.0,True,AWAY,Caesars Sportsbook (Colorado),105,-125,2.0,222.0,DEN -2
401585260,2023-24,2024-01-26,regular-season,GS,SAC,32.0,40.0,29.0,32.0,40.0,35.0,29.0,30.0,133.0,134.0,False,AWAY,Caesars Sportsbook (Colorado),100,-120,1.5,244.0,SAC -1.5
401585261,2023-24,2024-01-26,regular-season,LAL,CHI,31.0,42.0,39.0,29.0,32.0,25.0,36.0,39.0,141.0,132.0,True,HOME,Caesars Sportsbook (Colorado),-225,185,-6.0,230.0,LAL -6
401585262,2023-24,2024-01-27,regular-season,ATL,DAL,31.0,35.0,36.0,41.0,27.0,39.0,42.0,40.0,143.0,148.0,False,HOME,Caesars Sportsbook (Colorado),-130,110,-1.5,246.5,ATL -1.5
401585263,2023-24,2024-01-27,regular-season,CHA,HOU,28.0,25.0,25.0,26.0,30.0,25.0,44.0,39.0,104.0,138.0,False,AWAY,Caesars Sportsbook (Colorado),175,-210,5.0,223.0,HOU -5
401585264,2023-24,2024-01-27,regular-season,IND,PHX,31.0,39.0,35.0,28.0,40.0,40.0,34.0,17.0,133.0,131.0,True,AWAY,Caesars Sportsbook (Colorado),158,-190,5.0,244.5,PHX -5
401585265,2023-24,2024-01-27,regular-season,TOR,LAC,20.0,32.0,29.0,26.0,29.0,37.0,29.0,32.0,107.0,127.0,False,AWAY,Caesars Sportsbook (Colorado),270,-345,8.5,236.5,LAC -8.5
401585266,2023-24,2024-01-27,regular-season,MEM,ORL,31.0,37.0,22.0,17.0,31.0,28.0,25.0,22.0,107.0,106.0,True,AWAY,Caesars Sportsbook (Colorado),210,-260,6.5,212.5,ORL -6.5
401585267,2023-24,2024-01-27,regular-season,MIL,CLE,28.0,29.0,20.0,23.0,30.0,24.0,26.0,32.0,100.0,112.0,False,HOME,Caesars Sportsbook (Colorado),-225,185,-5.5,237.5,MIL -5.5
401585268,2023-24,2024-01-27,regular-season,NO,OKC,24.0,17.0,23.0,19.0,22.0,28.0,27.0,30.0,83.0,107.0,False,AWAY,Caesars Sportsbook (Colorado),115,-135,2.0,238.5,OKC -2
401585269,2023-24,2024-01-27,regular-season,SA,POR,26.0,36.0,26.0,28.0,33.0,24.0,21.0,22.0,116.0,100.0,True,HOME,Caesars Sportsbook (Colorado),-178,150,-3.5,229.5,SA -3.5
401585270,2023-24,2024-01-27,regular-season,DET,WSH,33.0,30.0,22.0,19.0,36.0,25.0,26.0,31.0,104.0,118.0,False,HOME,Caesars Sportsbook (Colorado),-170,143,-3.5,241.0,DET -3.5
401585271,2023-24,2024-01-27,regular-season,NY,MIA,27.0,34.0,28.0,36.0,30.0,21.0,35.0,23.0,125.0,109.0,True,HOME,Caesars Sportsbook (Colorado),-190,158,-4.5,220.5,NY -4.5
401585272,2023-24,2024-01-27,regular-season,DEN,PHI,31.0,33.0,22.0,25.0,27.0,35.0,26.0,17.0,111.0,105.0,True,HOME,Caesars Sportsbook (Colorado),-1000,650,-12.5,224.0,DEN -12.5
401585273,2023-24,2024-01-27,regular-season,BKN,HOU,35.0,25.0,28.0,18.0,15.0,25.0,30.0,34.0,106.0,104.0,True,HOME,Caesars Sportsbook (Colorado),-170,143,-4.0,222.0,BKN -4
401585274,2023-24,2024-01-28,regular-season,BOS,LAC,21.0,18.0,21.0,36.0,26.0,29.0,36.0,24.0,96.0,115.0,False,HOME,Caesars Sportsbook (Colorado),-278,222,-7.0,232.0,BOS -7
401585275,2023-24,2024-01-28,regular-season,CHA,UTAH,24.0,23.0,41.0,34.0,47.0,35.0,23.0,29.0,122.0,134.0,False,AWAY,Caesars Sportsbook (Colorado),360,-480,10.5,230.0,UTAH -10.5
401585276,2023-24,2024-01-28,regular-season,MIL,NO,36.0,39.0,37.0,29.0,32.0,31.0,24.0,30.0,141.0,117.0,True,HOME,Caesars Sportsbook (Colorado),-205,170,-5.0,241.0,MIL -5
401585277,2023-24,2024-01-28,regular-season,SA,MIN,23.0,29.0,28.0,33.0,36.0,28.0,26.0,22.0,113.0,112.0,True,AWAY,Caesars Sportsbook (Colorado),400,-550,11.0,227.0,MIN -11
401585278,2023-24,2024-01-28,regular-season,GS,LAL,30.0,33.0,36.0,19.0,33.0,35.0,23.0,27.0,144.0,145.0,False,HOME,Caesars Sportsbook (Colorado),-125,105,-1.5,244.0,GS -1.5
401585279,2023-24,2024-01-28,regular-season,DAL,SAC,25.0,24.0,26.0,40.0,29.0,34.0,31.0,26.0,115.0,120.0,False,AWAY,Caesars Sportsbook (Colorado),158,-190,4.5,243.5,SAC -4.5
401585280,2023-24,2024-01-28,regular-season,IND,MEM,23.0,28.0,41.0,24.0,27.0,26.0,29.0,28.0,116.0,110.0,True,HOME,Caesars Sportsbook (Colorado),-320,250,-8.0,229.0,IND -8
401585281,2023-24,2024-01-28,regular-season,ATL,TOR,34.0,23.0,40.0,29.0,26.0,35.0,34.0,30.0,126.0,125.0,True,HOME,Caesars Sportsbook (Colorado),-225,185,-6.0,238.5,ATL -6
401585282,2023-24,2024-01-28,regular-season,DET,OKC,24.0,46.0,30.0,20.0,31.0,30.0,25.0,18.0,120.0,104.0,True,AWAY,Caesars Sportsbook (Colorado),600,-900,12.0,237.0,OKC -12
401585283,2023-24,2024-01-28,regular-season,ORL,PHX,26.0,25.0,31.0,31.0,37.0,19.0,29.0,13.0,113.0,98.0,True,AWAY,Caesars Sportsbook (Colorado),110,-130,2.0,227.0,PHX -2
401585284,2023-24,2024-01-29,regular-season,POR,CHI,23.0,19.0,33.0,21.0,26.0,27.0,23.0,28.0,96.0,104.0,False,AWAY,Caesars Sportsbook (Colorado),180,-220,5.5,220.5,CHI -5.5
401585285,2023-24,2024-01-30,regular-season,CHA,NY,25.0,18.0,24.0,25.0,26.0,20.0,44.0,23.0,92.0,113.0,False,AWAY,Caesars Sportsbook (Colorado),320,-420,9.5,220.5,NY -9.5
401585286,2023-24,2024-01-30,regular-season,CLE,LAC,28.0,28.0,32.0,30.0,25.0,27.0,29.0,27.0,118.0,108.0,True,AWAY,Caesars Sportsbook (Colorado),105,-125,1.5,226.0,LAC -1.5
401585287,2023-24,2024-01-30,regular-season,BOS,NO,25.0,25.0,31.0,37.0,36.0,24.0,27.0,25.0,118.0,112.0,True,HOME,Caesars Sportsbook (Colorado),-350,275,-9.0,236.0,BOS -9
401585288,2023-24,2024-01-30,regular-season,BKN,UTAH,43.0,28.0,33.0,43.0,28.0,29.0,30.0,27.0,147.0,114.0,True,AWAY,Caesars Sportsbook (Colorado),-105,-115,1.0,235.5,UTAH -1
401585289,2023-24,2024-01-30,regular-season,MIA,PHX,25.0,24.0,25.0,31.0,33.0,29.0,38.0,18.0,105.0,118.0,False,HOME,Caesars Sportsbook (Colorado),-140,118,-3.5,230.0,MIA -3.5
401585290,2023-24,2024-01-30,regular-season,HOU,LAL,42.0,36.0,30.0,27.0,31.0,29.0,24.0,35.0,135.0,119.0,True,AWAY,Caesars Sportsbook (Colorado),-105,-115,0.0,232.5,EVEN
401585291,2023-24,2024-01-30,regular-season,MEM,SAC,33.0,17.0,21.0,23.0,18.0,29.0,28.0,28.0,94.0,103.0,False,AWAY,Caesars Sportsbook (Colorado),360,-481,10.0,225.0,SAC -10
401585292,2023-24,2024-01-30,regular-season,OKC,MIN,28.0,19.0,30.0,24.0,29.0,20.0,24.0,34.0,101.0,107.0,False,HOME,Caesars Sportsbook (Colorado),-135,115,-2.5,224.5,OKC -2.5
401585293,2023-24,2024-01-30,regular-season,SA,WSH,35.0,23.0,35.0,20.0,25.0,29.0,33.0,31.0,113.0,118.0,False,HOME,Caesars Sportsbook (Colorado),-165,140,-3.5,241.5,SA -3.5
401585294,2023-24,2024-01-30,regular-season,DAL,ORL,26.0,35.0,35.0,35.0,35.0,42.0,12.0,40.0,131.0,129.0,True,HOME,Caesars Sportsbook (Colorado),-195,162,-4.0,227.5,DAL -4
401585295,2023-24,2024-01-30,regular-season,DEN,MIL,25.0,31.0,26.0,31.0,26.0,30.0,19.0,32.0,113.0,107.0,True,HOME,Caesars Sportsbook (Colorado),-175,148,-3.5,238.5,DEN -3.5
401585296,2023-24,2024-01-30,regular-season,POR,PHI,20.0,38.0,36.0,36.0,28.0,27.0,22.0,27.0,130.0,104.0,True,AWAY,Caesars Sportsbook (Colorado),275,-350,8.0,221.5,PHI -8
401585297,2023-24,2024-01-31,regular-season,ATL,LAL,36.0,31.0,36.0,35.0,29.0,27.0,32.0,34.0,138.0,122.0,True,HOME,Caesars Sportsbook (Colorado),-220,180,-5.5,248.0,ATL -5.5
401585298,2023-24,2024-01-31,regular-season,BOS,IND,36.0,45.0,25.0,23.0,26.0,40.0,37.0,21.0,129.0,124.0,True,HOME,Caesars Sportsbook (Colorado),-355,278,-8.0,249.0,BOS -8
401585299,2023-24,2024-01-31,regular-season,NY,UTAH,29.0,28.0,36.0,25.0,22.0,27.0,24.0,30.0,118.0,103.0,True,HOME,Caesars Sportsbook (Colorado),-145,122,-3.0,229.0,NY -3
401585300,2023-24,2024-01-31,regular-season,CHI,TOR,31.0,32.0,26.0,18.0,27.0,26.0,37.0,28.0,107.0,118.0,False,HOME,Caesars Sportsbook (Colorado),-292,235,-7.0,227.0,CHI -7
401585301,2023-24,2024-01-31,regular-season,GS,PHI,23.0,29.0,34.0,33.0,28.0,22.0,27.0,30.0,119.0,107.0,True,HOME,Caesars Sportsbook (Colorado),-160,135,-3.5,234.0,GS -3.5
401585302,2023-24,2024-02-01,regular-season,CHA,CHI,27.0,32.0,27.0,24.0,28.0,29.0,29.0,31.0,110.0,117.0,False,AWAY,Caesars Sportsbook (Colorado),185,-225,6.0,214.0,CHI -6
401585303,2023-24,2024-02-01,regular-season,CLE,DET,30.0,34.0,32.0,32.0,23.0,34.0,34.0,30.0,128.0,121.0,True,HOME,Caesars Sportsbook (Colorado),-1000,650,-13.5,232.0,CLE -13.5
401585304,2023-24,2024-02-01,regular-season,WSH,LAC,35.0,25.0,19.0,30.0,37.0,29.0,40.0,19.0,109.0,125.0,False,AWAY,Caesars Sportsbook (Colorado),345,-455,9.5,236.0,LAC -9.5
401585305,2023-24,2024-02-01,regular-season,BKN,PHX,30.0,31.0,26.0,33.0,30.0,34.0,42.0,30.0,120.0,136.0,False,AWAY,Caesars Sportsbook (Colorado),140,-165,4.0,234.0,PHX -4
401585306,2023-24,2024-02-01,regular-season,MIA,SAC,28.0,31.0,31.0,25.0,22.0,33.0,29.0,22.0,115.0,106.0,True,HOME,Caesars Sportsbook (Colorado),-140,118,-2.5,228.0,MIA -2.5
401585307,2023-24,2024-02-01,regular-season,HOU,NO,25.0,29.0,25.0,20.0,33.0,28.0,23.0,26.0,99.0,110.0,False,HOME,Caesars Sportsbook (Colorado),-125,105,-1.5,230.5,HOU -1.5
401585308,2023-24,2024-02-01,regular-season,MIN,DAL,24.0,28.0,31.0,38.0,21.0,27.0,22.0,17.0,121.0,87.0,True,HOME,Caesars Sportsbook (Colorado),-900,600,-13.0,221.0,MIN -13
401585309,2023-24,2024-02-01,regular-season,SA,ORL,30.0,21.0,21.0,26.0,27.0,30.0,34.0,17.0,98.0,108.0,False,AWAY,Caesars Sportsbook (Colorado),222,-278,6.5,225.5,ORL -6.5
401585310,2023-24,2024-02-01,regular-season,OKC,DEN,19.0,28.0,26.0,32.0,28.0,23.0,21.0,28.0,105.0,100.0,True,HOME,Caesars Sportsbook (Colorado),-235,192,-6.0,222.5,OKC -6
401585311,2023-24,2024-02-01,regular-season,POR,MIL,37.0,30.0,29.0,23.0,38.0,27.0,26.0,25.0,119.0,116.0,True,AWAY,Caesars Sportsbook (Colorado),400,-550,10.5,237.0,MIL -10.5
401585312,2023-24,2024-02-02,regular-season,BOS,LAL,25.0,21.0,32.0,27.0,28.0,32.0,28.0,26.0,105.0,114.0,False,HOME,Caesars Sportsbook (Colorado),-1400,800,-15.5,238.0,BOS -15.5
401585313,2023-24,2024-02-02,regular-season,NY,IND,26.0,25.0,28.0,30.0,36.0,22.0,26.0,21.0,109.0,105.0,True,HOME,Caesars Sportsbook (Colorado),-120,100,-1.5,235.0,NY -1.5
401585314,2023-24,2024-02-02,regular-season,UTAH,PHI,32.0,29.0,32.0,31.0,39.0,32.0,22.0,34.0,124.0,127.0,False,HOME,Caesars Sportsbook (Colorado),-195,162,-5.5,241.0,UTAH -5.5
401585315,2023-24,2024-02-02,regular-season,MEM,CLE,27.0,31.0,22.0,21.0,27.0,24.0,30.0,27.0,101.0,108.0,False,AWAY,Caesars Sportsbook (Colorado),278,-355,8.5,214.0,CLE -8.5
401585316,2023-24,2024-02-03,regular-season,DET,LAC,33.0,26.0,31.0,35.0,27.0,38.0,36.0,35.0,125.0,136.0,False,AWAY,Caesars Sportsbook (Colorado),550,-800,12.5,239.5,LAC -12.5
401585317,2023-24,2024-02-03,regular-season,WSH,MIA,33.0,26.0,15.0,28.0,31.0,25.0,31.0,23.0,102.0,110.0,False,AWAY,Caesars Sportsbook (Colorado),260,-335,8.0,228.5,MIA -8
401585318,2023-24,2024-02-03,regular-season,ATL,PHX,33.0,33.0,34.0,29.0,30.0,33.0,32.0,25.0,129.0,120.0,True,AWAY,Caesars Sportsbook (Colorado),122,-145,3.5,249.5,PHX -3.5
401585319,2023-24,2024-02-03,regular-season,IND,SAC,39.0,25.0,24.0,34.0,38.0,33.0,28.0,34.0,122.0,133.0,False,AWAY,Caesars Sportsbook (Colorado),140,-165,4.0,250.5,SAC -4
401585320,2023-24,2024-02-03,regular-season,HOU,TOR,37.0,29.0,36.0,33.0,23.0,24.0,25.0,34.0,135.0,106.0,True,HOME,Caesars Sportsbook (Colorado),-195,162,-5.0,233.5,HOU -5
401585321,2023-24,2024-02-03,regular-season,MEM,GS,23.0,24.0,26.0,28.0,24.0,33.0,28.0,36.0,101.0,121.0,False,AWAY,Caesars Sportsbook (Colorado),250,-320,8.0,225.5,GS -8
401585322,2023-24,2024-02-03,regular-season,MIN,ORL,38.0,21.0,29.0,18.0,26.0,28.0,26.0,28.0,106.0,108.0,False,HOME,Caesars Sportsbook (Colorado),-240,196,-6.5,213.5,MIN -6.5
401585323,2023-24,2024-02-03,regular-season,OKC,CHA,39.0,34.0,32.0,21.0,19.0,23.0,30.0,34.0,126.0,106.0,True,HOME,Caesars Sportsbook (Colorado),-1400,800,-15.0,224.0,OKC -15
401585324,2023-24,2024-02-03,regular-season,SA,NO,33.0,32.0,23.0,25.0,24.0,34.0,30.0,26.0,113.0,114.0,False,AWAY,Caesars Sportsbook (Colorado),278,-355,8.5,233.5,NO -8.5
401585325,2023-24,2024-02-03,regular-season,DEN,POR,33.0,26.0,33.0,28.0,20.0,35.0,29.0,24.0,120.0,108.0,True,HOME,Caesars Sportsbook (Colorado),-800,550,-12.5,219.0,DEN -12.5
401585326,2023-24,2024-02-03,regular-season,PHI,BKN,22.0,29.0,31.0,39.0,38.0,29.0,38.0,31.0,121.0,136.0,False,HOME,Caesars Sportsbook (Colorado),-140,118,-2.5,232.5,PHI -2.5
401585327,2023-24,2024-02-04,regular-season,ATL,GS,28.0,36.0,25.0,34.0,33.0,31.0,25.0,34.0,141.0,134.0,True,HOME,Caesars Sportsbook (Colorado),-120,100,-1.5,244.5,ATL -1.5
401585328,2023-24,2024-02-04,regular-season,CHI,SAC,25.0,27.0,29.0,34.0,32.0,39.0,20.0,32.0,115.0,123.0,False,HOME,Caesars Sportsbook (Colorado),-115,-105,-1.0,229.5,CHI -1
401585329,2023-24,2024-02-04,regular-season,NY,LAL,25.0,34.0,27.0,19.0,27.0,32.0,21.0,33.0,105.0,113.0,False,HOME,Caesars Sportsbook (Colorado),-165,140,-3.5,227.0,NY -3.5
401585330,2023-24,2024-02-04,regular-season,DAL,MIL,44.0,21.0,27.0,25.0,20.0,40.0,33.0,36.0,117.0,129.0,False,AWAY,Caesars Sportsbook (Colorado),158,-190,5.0,246.0,MIL -5
401585331,2023-24,2024-02-04,regular-season,SA,CLE,25.0,20.0,26.0,30.0,30.0,37.0,25.0,25.0,101.0,117.0,False,AWAY,Caesars Sportsbook (Colorado),360,-480,10.0,230.5,CLE -10
401585332,2023-24,2024-02-04,regular-season,DET,ORL,29.0,18.0,28.0,24.0,24.0,26.0,28.0,33.0,99.0,111.0,False,AWAY,Caesars Sportsbook (Colorado),215,-267,6.5,230.0,ORL -6.5
401585333,2023-24,2024-02-04,regular-season,WSH,PHX,28.0,30.0,28.0,26.0,42.0,37.0,37.0,24.0,112.0,140.0,False,AWAY,Caesars Sportsbook (Colorado),430,-600,11.5,240.5,PHX -11.5
401585334,2023-24,2024-02-04,regular-season,BOS,MEM,29.0,41.0,29.0,32.0,20.0,30.0,26.0,15.0,131.0,91.0,True,HOME,Caesars Sportsbook (Colorado),-2400,1150,-19.5,218.5,BOS -19.5
401585335,2023-24,2024-02-04,regular-season,CHA,IND,13.0,31.0,32.0,23.0,26.0,29.0,36.0,24.0,99.0,115.0,False,AWAY,Caesars Sportsbook (Colorado),430,-600,11.5,237.0,IND -11.5
401585336,2023-24,2024-02-04,regular-season,MIA,LAC,22.0,21.0,24.0,28.0,19.0,24.0,26.0,34.0,95.0,103.0,False,AWAY,Caesars Sportsbook (Colorado),170,-205,5.0,223.0,LAC -5
401585337,2023-24,2024-02-05,regular-season,MIN,HOU,31.0,17.0,32.0,31.0,23.0,21.0,20.0,26.0,111.0,90.0,True,HOME,Caesars Sportsbook (Colorado),-345,270,-8.0,221.5,MIN -8
401585338,2023-24,2024-02-05,regular-season,OKC,TOR,23.0,24.0,34.0,29.0,33.0,30.0,24.0,23.0,135.0,127.0,True,HOME,Caesars Sportsbook (Colorado),-365,285,-9.0,237.5,OKC -9
401585339,2023-24,2024-02-05,regular-season,UTAH,MIL,32.0,21.0,30.0,40.0,26.0,37.0,32.0,13.0,123.0,108.0,True,HOME,Caesars Sportsbook (Colorado),-155,130,-3.0,247.0,UTAH -3
401585340,2023-24,2024-02-05,regular-season,DEN,POR,25.0,35.0,26.0,26.0,37.0,26.0,21.0,19.0,112.0,103.0,True,HOME,Caesars Sportsbook (Colorado),-1400,800,-14.5,219.0,DEN -14.5
401585341,2023-24,2024-02-06,regular-season,CHA,LAL,29.0,29.0,28.0,32.0,37.0,37.0,26.0,24.0,118.0,124.0,False,AWAY,Caesars Sportsbook (Colorado),650,-1000,13.0,227.5,LAL -13
401585342,2023-24,2024-02-06,regular-season,CLE,SAC,39.0,35.0,32.0,30.0,34.0,25.0,33.0,18.0,136.0,110.0,True,HOME,Caesars Sportsbook (Colorado),-205,170,-5.0,235.0,CLE -5
401585343,2023-24,2024-02-06,regular-season,PHI,DAL,33.0,24.0,17.0,28.0,26.0,27.0,24.0,41.0,102.0,118.0,False,AWAY,Caesars Sportsbook (Colorado),118,-140,2.5,243.0,DAL -2.5
401585344,2023-24,2024-02-06,regular-season,ATL,LAC,28.0,38.0,35.0,43.0,37.0,29.0,36.0,47.0,144.0,149.0,False,AWAY,Caesars Sportsbook (Colorado),143,-170,4.0,245.0,LAC -4
401585345,2023-24,2024-02-06,regular-season,BKN,GS,23.0,26.0,21.0,28.0,20.0,23.0,32.0,34.0,98.0,109.0,False,AWAY,Caesars Sportsbook (Colorado),100,-120,0.0,238.0,EVEN
401585346,2023-24,2024-02-06,regular-season,NO,TOR,36.0,31.0,38.0,33.0,19.0,31.0,21.0,29.0,138.0,100.0,True,HOME,Caesars Sportsbook (Colorado),-600,430,-10.5,232.5,NO -10.5
401585347,2023-24,2024-02-07,regular-season,IND,HOU,41.0,27.0,38.0,26.0,39.0,36.0,24.0,30.0,132.0,129.0,True,HOME,Caesars Sportsbook (Colorado),-345,270,-8.0,246.0,IND -8
401585348,2023-24,2024-02-07,regular-season,BKN,DAL,24.0,23.0,30.0,30.0,31.0,34.0,30.0,24.0,107.0,119.0,False,AWAY,Caesars Sportsbook (Colorado),130,-155,3.0,235.5,DAL -3
401585349,2023-24,2024-02-07,regular-season,MIA,ORL,26.0,30.0,40.0,25.0,19.0,30.0,26.0,20.0,121.0,95.0,True,HOME,Caesars Sportsbook (Colorado),-155,130,-3.0,213.5,MIA -3
401585350,2023-24,2024-02-07,regular-season,NY,MEM,33.0,37.0,27.0,26.0,24.0,22.0,28.0,39.0,123.0,113.0,True,HOME,Caesars Sportsbook (Colorado),-1100,700,-14.5,211.0,NY -14.5
401585351,2023-24,2024-02-07,regular-season,CHI,MIN,22.0,25.0,36.0,32.0,33.0,36.0,23.0,23.0,129.0,123.0,True,AWAY,Caesars Sportsbook (Colorado),185,-225,5.5,215.5,MIN -5.5
401585355,2023-24,2024-02-08,regular-season,PHI,GS,22.0,23.0,23.0,36.0,15.0,33.0,43.0,36.0,104.0,127.0,False,AWAY,Caesars Sportsbook (Colorado),148,-175,4.0,234.5,GS -4
401585357,2023-24,2024-02-08,regular-season,BOS,ATL,35.0,36.0,24.0,30.0,37.0,30.0,23.0,27.0,125.0,117.0,True,HOME,Caesars Sportsbook (Colorado),-800,550,-12.0,244.5,BOS -12
401585358,2023-24,2024-02-08,regular-season,MIA,SA,32.0,21.0,25.0,38.0,31.0,20.0,26.0,27.0,116.0,104.0,True,HOME,Caesars Sportsbook (Colorado),-345,270,-7.0,228.5,MIA -7
401585359,2023-24,2024-02-08,regular-season,LAC,NO,19.0,28.0,22.0,37.0,36.0,19.0,24.0,38.0,106.0,117.0,False,HOME,Caesars Sportsbook (Colorado),-260,210,-6.0,231.5,LAC -6
401585360,2023-24,2024-02-08,regular-season,SAC,DET,36.0,27.0,36.0,21.0,31.0,39.0,27.0,36.0,120.0,133.0,False,HOME,Caesars Sportsbook (Colorado),-900,600,-13.0,242.5,SAC -13
401585361,2023-24,2024-02-09,regular-season,IND,GS,34.0,24.0,18.0,33.0,45.0,25.0,25.0,36.0,109.0,131.0,False,HOME,Caesars Sportsbook (Colorado),-205,170,-5.5,248.5,IND -5.5
401585362,2023-24,2024-02-09,regular-season,ORL,SA,23.0,38.0,37.0,29.0,20.0,24.0,41.0,26.0,127.0,111.0,True,HOME,Caesars Sportsbook (Colorado),-550,400,-10.5,225.0,ORL -10.5
401585363,2023-24,2024-02-09,regular-season,BKN,CLE,21.0,30.0,18.0,26.0,32.0,27.0,31.0,28.0,95.0,118.0,False,AWAY,Caesars Sportsbook (Colorado),240,-305,7.0,224.5,CLE -7
401585364,2023-24,2024-02-09,regular-season,NY,DAL,22.0,26.0,23.0,37.0,28.0,31.0,28.0,35.0,108.0,122.0,False,AWAY,Caesars Sportsbook (Colorado),210,-260,7.0,223.0,DAL -7
401585365,2023-24,2024-02-09,regular-season,MEM,CHI,31.0,25.0,25.0,29.0,27.0,25.0,28.0,38.0,110.0,118.0,False,AWAY,Caesars Sportsbook (Colorado),180,-220,5.5,216.5,CHI -5.5
401585366,2023-24,2024-02-09,regular-season,MIL,MIN,26.0,27.0,22.0,30.0,30.0,33.0,39.0,27.0,105.0,129.0,False,HOME,Caesars Sportsbook (Colorado),-135,115,-1.5,224.5,MIL -1.5
401585367,2023-24,2024-02-09,regular-season,PHX,UTAH,40.0,35.0,34.0,20.0,28.0,38.0,24.0,25.0,129.0,115.0,True,HOME,Caesars Sportsbook (Colorado),-250,205,-6.0,241.5,PHX -6
401585368,2023-24,2024-02-09,regular-season,LAL,DEN,23.0,26.0,30.0,27.0,29.0,30.0,24.0,31.0,106.0,114.0,False,AWAY,Caesars Sportsbook (Colorado),126,-150,3.0,230.5,DEN -3
401585369,2023-24,2024-02-09,regular-season,POR,DET,30.0,41.0,26.0,23.0,25.0,31.0,28.0,36.0,122.0,128.0,False,HOME,Caesars Sportsbook (Colorado),-278,222,-7.5,226.5,POR -7.5
401585370,2023-24,2024-02-10,regular-season,PHI,ATL,26.0,30.0,30.0,35.0,37.0,36.0,30.0,24.0,121.0,127.0,False,AWAY,Caesars Sportsbook (Colorado),143,-170,4.0,244.5,ATL -4
401585371,2023-24,2024-02-10,regular-season,BOS,WSH,31.0,33.0,36.0,33.0,35.0,36.0,16.0,42.0,133.0,129.0,True,HOME,Caesars Sportsbook (Colorado),-2400,1150,-18.0,236.0,BOS -18
401585372,2023-24,2024-02-10,regular-season,TOR,HOU,34.0,27.0,27.0,19.0,20.0,29.0,22.0,33.0,107.0,104.0,True,HOME,Caesars Sportsbook (Colorado),-150,126,-2.5,235.5,TOR -2.5
401585373,2023-24,2024-02-10,regular-season,MIL,CHA,31.0,35.0,33.0,21.0,17.0,21.0,25.0,21.0,120.0,84.0,True,HOME,Caesars Sportsbook (Colorado),-1600,900,-16.5,227.5,MIL -16.5
401585374,2023-24,2024-02-10,regular-season,SAC,DEN,32.0,35.0,39.0,29.0,35.0,22.0,29.0,20.0,135.0,106.0,True,HOME,Caesars Sportsbook (Colorado),-155,130,-3.5,230.5,SAC -3.5
401585375,2023-24,2024-02-10,regular-season,LAL,NO,36.0,51.0,28.0,24.0,39.0,35.0,28.0,20.0,139.0,122.0,True,AWAY,Caesars Sportsbook (Colorado),118,-140,2.5,237.5,NO -2.5
401585376,2023-24,2024-02-10,regular-season,DAL,OKC,47.0,24.0,39.0,36.0,30.0,32.0,27.0,22.0,146.0,111.0,True,AWAY,Caesars Sportsbook (Colorado),-105,-115,1.5,239.5,OKC -1.5
401585377,2023-24,2024-02-10,regular-season,LAC,DET,31.0,18.0,27.0,36.0,30.0,28.0,23.0,25.0,112.0,106.0,True,HOME,Caesars Sportsbook (Colorado),-1700,950,-16.5,237.0,LAC -16.5
401585378,2023-24,2024-02-10,regular-season,BKN,SA,33.0,27.0,33.0,30.0,30.0,18.0,27.0,28.0,123.0,103.0,True,HOME,Caesars Sportsbook (Colorado),-225,185,-6.5,232.5,BKN -6.5
401585379,2023-24,2024-02-11,regular-season,CHA,MEM,25.0,33.0,27.0,30.0,28.0,21.0,27.0,30.0,115.0,106.0,True,AWAY,Caesars Sportsbook (Colorado),170,-205,5.5,215.5,MEM -5.5
401585380,2023-24,2024-02-11,regular-season,ORL,CHI,26.0,26.0,28.0,21.0,24.0,26.0,36.0,15.0,114.0,108.0,True,HOME,Caesars Sportsbook (Colorado),-205,170,-5.5,218.0,ORL -5.5
401585381,2023-24,2024-02-11,regular-season,WSH,PHI,26.0,30.0,24.0,33.0,33.0,26.0,31.0,29.0,113.0,119.0,False,AWAY,Caesars Sportsbook (Colorado),196,-240,5.5,243.5,PHI -5.5
401585382,2023-24,2024-02-11,regular-season,ATL,HOU,19.0,38.0,38.0,27.0,31.0,18.0,35.0,29.0,122.0,113.0,True,HOME,Caesars Sportsbook (Colorado),-285,228,-7.5,241.5,ATL -7.5
401585383,2023-24,2024-02-11,regular-season,NY,IND,27.0,31.0,24.0,29.0,26.0,35.0,30.0,34.0,111.0,125.0,False,AWAY,Caesars Sportsbook (Colorado),162,-195,5.0,234.5,IND -5
401585384,2023-24,2024-02-11,regular-season,TOR,CLE,24.0,23.0,26.0,22.0,30.0,37.0,28.0,24.0,95.0,119.0,False,AWAY,Caesars Sportsbook (Colorado),310,-400,9.0,230.0,CLE -9
401585385,2023-24,2024-02-11,regular-season,GS,PHX,33.0,26.0,25.0,29.0,28.0,30.0,24.0,30.0,113.0,112.0,True,AWAY,Caesars Sportsbook (Colorado),-105,-115,1.5,242.5,PHX -1.5
401585386,2023-24,2024-02-11,regular-season,POR,NO,24.0,16.0,23.0,21.0,29.0,18.0,17.0,29.0,84.0,93.0,False,AWAY,Caesars Sportsbook (Colorado),278,-355,8.5,219.5,NO -8.5
401585387,2023-24,2024-02-11,regular-season,MIA,BOS,22.0,28.0,29.0,27.0,26.0,33.0,27.0,24.0,106.0,110.0,False,AWAY,Caesars Sportsbook (Colorado),250,-320,7.5,224.5,BOS -7.5
401585388,2023-24,2024-02-11,regular-season,OKC,SAC,29.0,38.0,33.0,27.0,27.0,30.0,26.0,30.0,127.0,113.0,True,HOME,Caesars Sportsbook (Colorado),-160,135,-4.0,240.0,OKC -4
401585389,2023-24,2024-02-13,regular-season,CHA,IND,25.0,23.0,33.0,30.0,24.0,25.0,31.0,22.0,111.0,102.0,True,AWAY,Caesars Sportsbook (Colorado),345,-455,9.5,238.0,IND -9.5
401585390,2023-24,2024-02-13,regular-season,CLE,PHI,33.0,29.0,30.0,29.0,34.0,32.0,25.0,32.0,121.0,123.0,False,HOME,Caesars Sportsbook (Colorado),-600,430,-11.0,230.0,CLE -11
401585391,2023-24,2024-02-13,regular-season,ATL,CHI,33.0,26.0,33.0,34.0,26.0,34.0,37.0,39.0,126.0,136.0,False,HOME,Caesars Sportsbook (Colorado),-165,140,-3.5,238.5,ATL -3.5
401585392,2023-24,2024-02-13,regular-season,TOR,SA,28.0,22.0,25.0,24.0,34.0,33.0,36.0,19.0,99.0,122.0,False,HOME,Caesars Sportsbook (Colorado),-250,205,-6.0,236.5,TOR -6
401585393,2023-24,2024-02-13,regular-season,HOU,NY,29.0,28.0,17.0,31.0,22.0,21.0,28.0,32.0,105.0,103.0,True,AWAY,Caesars Sportsbook (Colorado),118,-140,2.5,221.5,NY -2.5
401585394,2023-24,2024-02-13,regular-season,MEM,NO,26.0,21.0,26.0,14.0,31.0,30.0,25.0,10.0,87.0,96.0,False,AWAY,Caesars Sportsbook (Colorado),320,-420,9.5,222.0,NO -9.5
401585395,2023-24,2024-02-13,regular-season,MIL,DEN,28.0,32.0,31.0,21.0,23.0,21.0,19.0,32.0,112.0,95.0,True,HOME,Caesars Sportsbook (Colorado),-115,-105,0.0,229.5,EVEN
401585396,2023-24,2024-02-13,regular-season,DAL,WSH,26.0,25.0,27.0,34.0,22.0,36.0,30.0,16.0,112.0,104.0,True,HOME,Caesars Sportsbook (Colorado),-700,500,-11.5,247.5,DAL -11.5
401585397,2023-24,2024-02-13,regular-season,UTAH,GS,26.0,29.0,25.0,27.0,34.0,29.0,30.0,36.0,107.0,129.0,False,AWAY,Caesars Sportsbook (Colorado),-105,-115,1.0,241.0,GS -1
401585398,2023-24,2024-02-13,regular-season,LAC,MIN,24.0,29.0,19.0,28.0,28.0,21.0,40.0,32.0,100.0,121.0,False,HOME,Caesars Sportsbook (Colorado),-190,158,-4.5,224.0,LAC -4.5
401585399,2023-24,2024-02-14,regular-season,BKN,BOS,30.0,27.0,25.0,28.0,36.0,36.0,26.0,20.0,110.0,118.0,False,AWAY,Caesars Sportsbook (Colorado),270,-345,8.0,226.5,BOS -8
401585400,2023-24,2024-02-14,regular-season,ORL,OKC,32.0,20.0,30.0,31.0,31.0,29.0,32.0,35.0,113.0,127.0,False,AWAY,Caesars Sportsbook (Colorado),130,-155,3.0,223.5,OKC -3
401585401,2023-24,2024-02-14,regular-season,MIL,MIA,28.0,24.0,24.0,21.0,40.0,29.0,29.0,25.0,97.0,123.0,False,HOME,Caesars Sportsbook (Colorado),-365,285,-8.5,222.5,MIL -8.5
401585402,2023-24,2024-02-14,regular-season,PHX,SAC,38.0,26.0,30.0,36.0,39.0,28.0,25.0,33.0,130.0,125.0,True,HOME,Caesars Sportsbook (Colorado),-190,158,-4.5,245.0,PHX -4.5
401585403,2023-24,2024-02-14,regular-season,POR,MIN,25.0,26.0,32.0,26.0,37.0,22.0,25.0,37.0,109.0,121.0,False,AWAY,Caesars Sportsbook (Colorado),250,-320,7.5,212.0,MIN -7.5
401585404,2023-24,2024-02-14,regular-season,LAL,DET,34.0,37.0,28.0,26.0,24.0,24.0,31.0,32.0,125.0,111.0,True,HOME,Caesars Sportsbook (Colorado),-550,400,-10.5,242.5,LAL -10.5
401585405,2023-24,2024-02-15,regular-season,CHA,ATL,29.0,32.0,35.0,26.0,31.0,24.0,25.0,19.0,122.0,99.0,True,AWAY,Caesars Sportsbook (Colorado),205,-250,6.5,237.5,ATL -6.5
401585406,2023-24,2024-02-15,regular-season,ORL,NY,27.0,38.0,24.0,29.0,36.0,19.0,22.0,23.0,118.0,100.0,True,HOME,Caesars Sportsbook (Colorado),-165,140,-3.5,211.5,ORL -3.5
401585407,2023-24,2024-02-15,regular-season,PHI,MIA,33.0,29.0,20.0,22.0,33.0,27.0,23.0,26.0,104.0,109.0,False,HOME,Caesars Sportsbook (Colorado),-165,140,-4.0,225.0,PHI -4
401585408,2023-24,2024-02-15,regular-season,BOS,BKN,30.0,38.0,33.0,35.0,15.0,17.0,23.0,31.0,136.0,86.0,True,HOME,Caesars Sportsbook (Colorado),-1100,700,-13.5,228.5,BOS -13.5
401585409,2023-24,2024-02-15,regular-season,CLE,CHI,25.0,18.0,28.0,37.0,32.0,17.0,27.0,29.0,108.0,105.0,True,HOME,Caesars Sportsbook (Colorado),-420,320,-9.0,222.0,CLE -9
401585410,2023-24,2024-02-15,regular-season,TOR,IND,35.0,36.0,32.0,22.0,31.0,34.0,36.0,26.0,125.0,127.0,False,AWAY,Caesars Sportsbook (Colorado),140,-165,3.5,245.0,IND -3.5
401585411,2023-24,2024-02-15,regular-season,MEM,HOU,36.0,22.0,26.0,37.0,21.0,28.0,32.0,32.0,121.0,113.0,True,AWAY,Caesars Sportsbook (Colorado),115,-135,2.5,219.0,HOU -2.5
401585412,2023-24,2024-02-15,regular-season,NO,WSH,31.0,37.0,31.0,34.0,26.0,34.0,38.0,28.0,133.0,126.0,True,HOME,Caesars Sportsbook (Colorado),-900,600,-13.0,234.0,NO -13
401585413,2023-24,2024-02-15,regular-season,DAL,SA,25.0,31.0,32.0,28.0,32.0,19.0,14.0,28.0,116.0,93.0,True,HOME,Caesars Sportsbook (Colorado),-600,430,-11.0,242.0,DAL -11
401585414,2023-24,2024-02-15,regular-season,DEN,SAC,27.0,26.0,21.0,24.0,16.0,25.0,30.0,31.0,98.0,102.0,False,HOME,Caesars Sportsbook (Colorado),-195,162,-5.5,229.5,DEN -5.5
401585415,2023-24,2024-02-15,regular-season,PHX,DET,37.0,33.0,29.0,17.0,25.0,16.0,28.0,31.0,116.0,100.0,True,HOME,Caesars Sportsbook (Colorado),-900,600,-13.0,237.5,PHX -13
401585416,2023-24,2024-02-15,regular-season,UTAH,LAL,28.0,41.0,23.0,30.0,34.0,36.0,38.0,30.0,122.0,138.0,False,HOME,Caesars Sportsbook (Colorado),-210,175,-5.5,240.5,UTAH -5.5
401585417,2023-24,2024-02-15,regular-season,GS,LAC,30.0,29.0,38.0,28.0,23.0,29.0,34.0,44.0,125.0,130.0,False,HOME,Caesars Sportsbook (Colorado),-150,126,-3.0,236.5,GS -3
401585418,2023-24,2024-02-16,regular-season,MEM,MIL,29.0,28.0,37.0,19.0,26.0,31.0,28.0,25.0,113.0,110.0,True,AWAY,Caesars Sportsbook (Colorado),600,-900,14.5,222.5,MIL -14.5
401585419,2023-24,2024-02-16,regular-season,POR,MIN,14.0,37.0,25.0,15.0,44.0,22.0,33.0,29.0,91.0,128.0,False,AWAY,Caesars Sportsbook (Colorado),345,-455,9.5,216.5,MIN -9.5
401636113,2023-24,2024-02-16,regular-season,UTAH,GS,39.0,32.0,31.0,35.0,36.0,48.0,36.0,20.0,137.0,140.0,False,AWAY,Caesars Sportsbook (Colorado),130,-155,2.5,241.5,GS -2.5
401623259,2023-24,2024-02-19,regular-season,EAST,WEST,53.0,51.0,56.0,51.0,47.0,42.0,47.0,50.0,211.0,186.0,True,HOME,ESPN Bet - Live Odds,-15000,3500,-19.5,392.5,EAST -19.5
401585420,2023-24,2024-02-23,regular-season,CLE,ORL,24.0,26.0,32.0,27.0,29.0,25.0,32.0,30.0,109.0,116.0,False,HOME,Caesars Sportsbook (Colorado),-285,228,-7.0,216.5,CLE -7
401585421,2023-24,2024-02-23,regular-season,IND,DET,42.0,30.0,30.0,27.0,25.0,18.0,45.0,27.0,129.0,115.0,True,HOME,Caesars Sportsbook (Colorado),-700,500,-11.5,246.5,IND -11.5
401585422,2023-24,2024-02-23,regular-season,PHI,NY,21.0,25.0,35.0,15.0,32.0,37.0,22.0,19.0,96.0,110.0,False,HOME,Caesars Sportsbook (Colorado),-115,-105,-1.0,228.0,PHI -1
401585423,2023-24,2024-02-23,regular-season,TOR,BKN,30.0,29.0,23.0,39.0,21.0,27.0,23.0,22.0,121.0,93.0,True,HOME,Caesars Sportsbook (Colorado),-115,-105,-1.0,231.5,TOR -1
401585424,2023-24,2024-02-23,regular-season,DAL,PHX,32.0,28.0,36.0,27.0,33.0,30.0,28.0,22.0,123.0,113.0,True,HOME,Caesars Sportsbook (Colorado),-125,105,-1.5,245.0,DAL -1.5
401585425,2023-24,2024-02-23,regular-season,CHI,BOS,23.0,39.0,21.0,29.0,31.0,28.0,37.0,33.0,112.0,129.0,False,AWAY,Caesars Sportsbook (Colorado),278,-355,8.5,225.5,BOS -8.5
401585426,2023-24,2024-02-23,regular-season,NO,HOU,31.0,32.0,38.0,26.0,27.0,23.0,29.0,26.0,127.0,105.0,True,HOME,Caesars Sportsbook (Colorado),-285,228,-7.0,229.0,NO -7
401585427,2023-24,2024-02-23,regular-season,OKC,LAC,35.0,26.0,35.0,33.0,33.0,26.0,23.0,25.0,129.0,107.0,True,HOME,Caesars Sportsbook (Colorado),-115,-105,-1.0,235.5,OKC -1
401585428,2023-24,2024-02-23,regular-season,DEN,WSH,38.0,34.0,29.0,29.0,25.0,24.0,34.0,27.0,130.0,110.0,True,HOME,Caesars Sportsbook (Colorado),-1400,800,-15.0,232.0,DEN -15
401585429,2023-24,2024-02-23,regular-season,UTAH,CHA,26.0,26.0,38.0,17.0,34.0,22.0,29.0,30.0,107.0,115.0,False,HOME,Caesars Sportsbook (Colorado),-440,335,-9.5,230.5,UTAH -9.5
401585430,2023-24,2024-02-23,regular-season,GS,LAL,31.0,36.0,31.0,30.0,28.0,28.0,26.0,28.0,128.0,110.0,True,HOME,Caesars Sportsbook (Colorado),-235,192,-6.0,242.5,GS -6
401585431,2023-24,2024-02-23,regular-season,SAC,SA,30.0,35.0,28.0,34.0,32.0,25.0,30.0,35.0,127.0,122.0,True,HOME,Caesars Sportsbook (Colorado),-420,320,-9.0,240.5,SAC -9
401585432,2023-24,2024-02-24,regular-season,ATL,TOR,22.0,42.0,26.0,31.0,33.0,32.0,31.0,27.0,121.0,123.0,False,HOME,Caesars Sportsbook (Colorado),-320,250,-7.5,245.0,ATL -7.5
401585433,2023-24,2024-02-24,regular-season,PHI,CLE,25.0,28.0,21.0,30.0,25.0,25.0,20.0,27.0,104.0,97.0,True,AWAY,Caesars Sportsbook (Colorado),162,-195,4.5,229.0,CLE -4.5
401585434,2023-24,2024-02-24,regular-season,HOU,PHX,20.0,37.0,32.0,25.0,28.0,24.0,24.0,34.0,114.0,110.0,True,AWAY,Caesars Sportsbook (Colorado),140,-165,3.5,233.5,PHX -3.5
401585435,2023-24,2024-02-24,regular-season,MEM,LAC,29.0,30.0,16.0,20.0,29.0,24.0,26.0,22.0,95.0,101.0,False,AWAY,Caesars Sportsbook (Colorado),328,-430,9.0,222.5,LAC -9
401585436,2023-24,2024-02-24,regular-season,MIN,MIL,27.0,30.0,13.0,37.0,31.0,20.0,36.0,25.0,107.0,112.0,False,AWAY,Caesars Sportsbook (New Jersey) - Live Odds,450,-699,4.5,217.5,MIL -4.5
401585437,2023-24,2024-02-24,regular-season,OKC,WSH,41.0,39.0,37.0,30.0,28.0,29.0,24.0,25.0,147.0,106.0,True,HOME,Caesars Sportsbook (Colorado),-1600,900,-16.5,242.0,OKC -16.5
401585438,2023-24,2024-02-24,regular-season,NO,MIA,24.0,34.0,22.0,15.0,31.0,27.0,26.0,22.0,95.0,106.0,False,HOME,Caesars Sportsbook (Colorado),-145,122,-3.0,218.5,NO -3
401585439,2023-24,2024-02-24,regular-season,GS,CHA,22.0,21.0,30.0,24.0,15.0,14.0,23.0,32.0,97.0,84.0,True,HOME,Caesars Sportsbook (New Jersey) - Live Odds,-100000,6000,-12.5,181.5,GS -12.5
401585440,2023-24,2024-02-24,regular-season,POR,DEN,20.0,28.0,29.0,35.0,25.0,38.0,32.0,32.0,112.0,127.0,False,AWAY,Caesars Sportsbook (New Jersey) - Live Odds,6000,-100000,19.5,236.5,DEN -19.5
401585441,2023-24,2024-02-24,regular-season,LAL,SA,30.0,36.0,31.0,26.0,26.0,33.0,31.0,28.0,123.0,118.0,True,HOME,Caesars Sportsbook (New Jersey),-480,360,-10.0,241.0,LAL -10
401585442,2023-24,2024-02-25,regular-season,DET,ORL,30.0,25.0,30.0,24.0,32.0,33.0,25.0,22.0,109.0,112.0,False,AWAY,Caesars Sportsbook (Colorado),278,-355,8.0,224.0,ORL -8
401585443,2023-24,2024-02-25,regular-season,MIN,BKN,23.0,19.0,28.0,31.0,22.0,23.0,21.0,20.0,101.0,86.0,True,HOME,Caesars Sportsbook (Colorado),-420,320,-8.0,221.5,MIN -8
401585444,2023-24,2024-02-25,regular-season,NY,BOS,26.0,32.0,26.0,18.0,30.0,32.0,35.0,19.0,102.0,116.0,False,AWAY,Caesars Sportsbook (Colorado),205,-250,5.5,224.5,BOS -5.5
401585445,2023-24,2024-02-25,regular-season,PHI,MIL,21.0,27.0,34.0,16.0,35.0,34.0,26.0,24.0,98.0,119.0,False,AWAY,Caesars Sportsbook (Colorado),175,-210,5.0,235.0,MIL -5
401585446,2023-24,2024-02-25,regular-season,PHX,LAL,45.0,27.0,23.0,28.0,28.0,35.0,27.0,23.0,123.0,113.0,True,HOME,Caesars Sportsbook (Colorado),-160,135,-3.5,241.0,PHX -3.5
401585447,2023-24,2024-02-25,regular-season,IND,DAL,32.0,35.0,33.0,33.0,32.0,28.0,31.0,20.0,133.0,111.0,True,AWAY,Caesars Sportsbook (Colorado),122,-145,2.5,252.0,DAL -2.5
401585448,2023-24,2024-02-25,regular-season,WSH,CLE,31.0,23.0,26.0,25.0,27.0,28.0,32.0,27.0,105.0,114.0,False,AWAY,Caesars Sportsbook (Colorado),650,-1000,13.5,234.5,CLE -13.5
401585449,2023-24,2024-02-26,regular-season,ATL,ORL,19.0,26.0,38.0,26.0,22.0,29.0,19.0,22.0,109.0,92.0,True,HOME,Caesars Sportsbook (Colorado),-125,105,-2.0,223.5,ATL -2
401585450,2023-24,2024-02-26,regular-season,HOU,OKC,34.0,28.0,21.0,27.0,31.0,26.0,30.0,36.0,110.0,123.0,False,AWAY,Caesars Sportsbook (Colorado),205,-250,6.5,234.0,OKC -6.5
401585451,2023-24,2024-02-26,regular-season,NO,CHI,21.0,39.0,22.0,24.0,28.0,29.0,24.0,33.0,106.0,114.0,False,HOME,Caesars Sportsbook (Colorado),-180,152,-4.5,223.5,NO -4.5
401585452,2023-24,2024-02-26,regular-season,GS,DEN,36.0,25.0,26.0,16.0,30.0,31.0,30.0,28.0,103.0,119.0,False,HOME,Caesars Sportsbook (Colorado),-140,118,-2.5,230.5,GS -2.5
401585453,2023-24,2024-02-26,regular-season,UTAH,SA,32.0,31.0,30.0,35.0,18.0,21.0,35.0,35.0,128.0,109.0,True,HOME,Caesars Sportsbook (Colorado),-292,235,-7.0,240.0,UTAH -7
401585454,2023-24,2024-02-26,regular-season,POR,CHA,18.0,16.0,25.0,21.0,24.0,23.0,23.0,23.0,80.0,93.0,False,HOME,Caesars Sportsbook (Colorado),-165,140,-3.0,214.5,POR -3
401585455,2023-24,2024-02-26,regular-season,LAC,SAC,28.0,23.0,29.0,27.0,25.0,33.0,31.0,34.0,107.0,123.0,False,HOME,Caesars Sportsbook (Colorado),-155,130,-3.5,239.0,LAC -3.5
401585456,2023-24,2024-02-27,regular-season,NY,DET,29.0,33.0,30.0,21.0,27.0,31.0,26.0,27.0,113.0,111.0,True,HOME,Caesars Sportsbook (Colorado),-650,460,-11.0,225.0,NY -11
401585457,2023-24,2024-02-27,regular-season,IND,TOR,28.0,28.0,31.0,35.0,30.0,31.0,29.0,40.0,122.0,130.0,False,HOME,Caesars Sportsbook (Colorado),-240,196,-6.0,246.5,IND -6
401585458,2023-24,2024-02-27,regular-season,MEM,BKN,18.0,22.0,26.0,20.0,30.0,36.0,23.0,22.0,86.0,111.0,False,AWAY,Caesars Sportsbook (Colorado),122,-145,2.5,214.0,BKN -2.5
401585459,2023-24,2024-02-27,regular-season,SAC,MIA,33.0,29.0,19.0,29.0,32.0,33.0,36.0,20.0,110.0,121.0,False,HOME,Caesars Sportsbook (Colorado),-292,235,-7.0,223.5,SAC -7
401585460,2023-24,2024-02-28,regular-season,CLE,DAL,23.0,37.0,23.0,38.0,24.0,32.0,26.0,37.0,121.0,119.0,True,HOME,Caesars Sportsbook (Colorado),-180,152,-4.5,233.0,CLE -4.5
401585461,2023-24,2024-02-28,regular-season,ORL,BKN,33.0,25.0,30.0,20.0,25.0,19.0,15.0,22.0,108.0,81.0,True,HOME,Caesars Sportsbook (Colorado),-420,320,-9.0,212.5,ORL -9
401585462,2023-24,2024-02-28,regular-season,WSH,GS,25.0,33.0,17.0,37.0,23.0,37.0,38.0,25.0,112.0,123.0,False,AWAY,Caesars Sportsbook (Colorado),430,-600,10.5,243.5,GS -10.5
401585463,2023-24,2024-02-28,regular-season,ATL,UTAH,26.0,29.0,34.0,35.0,18.0,26.0,25.0,28.0,124.0,97.0,True,HOME,Caesars Sportsbook (Colorado),-130,110,-1.5,238.0,ATL -1.5
401585464,2023-24,2024-02-28,regular-season,BOS,PHI,30.0,23.0,33.0,31.0,30.0,21.0,24.0,24.0,117.0,99.0,True,HOME,Caesars Sportsbook (Colorado),-700,500,-12.0,231.5,BOS -12
401585465,2023-24,2024-02-28,regular-season,NY,NO,19.0,28.0,20.0,25.0,26.0,22.0,26.0,41.0,92.0,115.0,False,AWAY,Caesars Sportsbook (Colorado),150,-178,4.0,217.5,NO -4
401585466,2023-24,2024-02-28,regular-season,MIN,SA,29.0,29.0,27.0,29.0,21.0,22.0,24.0,38.0,114.0,105.0,True,HOME,Caesars Sportsbook (Colorado),-900,600,-12.5,223.0,MIN -12.5
401585467,2023-24,2024-02-28,regular-season,CHI,DET,29.0,26.0,22.0,18.0,22.0,28.0,29.0,26.0,95.0,105.0,False,HOME,Caesars Sportsbook (Colorado),-550,400,-10.0,225.0,CHI -10
401585468,2023-24,2024-02-28,regular-season,MIL,CHA,32.0,26.0,38.0,27.0,16.0,10.0,23.0,36.0,123.0,85.0,True,HOME,Caesars Sportsbook (Colorado),-1100,700,-13.5,219.5,MIL -13.5
401585469,2023-24,2024-02-28,regular-season,OKC,HOU,28.0,32.0,24.0,28.0,29.0,21.0,24.0,21.0,112.0,95.0,True,HOME,Caesars Sportsbook (Colorado),-550,400,-10.0,235.0,OKC -10
401585470,2023-24,2024-02-28,regular-season,POR,MIA,28.0,28.0,20.0,20.0,15.0,31.0,34.0,26.0,96.0,106.0,False,AWAY,Caesars Sportsbook (Colorado),250,-320,7.0,212.0,MIA -7
401585471,2023-24,2024-02-29,regular-season,IND,NO,40.0,24.0,32.0,27.0,24.0,29.0,33.0,28.0,123.0,114.0,True,HOME,Caesars Sportsbook (Colorado),-160,135,-4.0,240.0,IND -4
401585472,2023-24,2024-02-29,regular-season,TOR,DAL,34.0,33.0,25.0,33.0,36.0,30.0,40.0,30.0,125.0,136.0,False,AWAY,Caesars Sportsbook (Colorado),143,-170,3.5,241.0,DAL -3.5
401585473,2023-24,2024-02-29,regular-season,MIN,MEM,24.0,26.0,38.0,22.0,26.0,27.0,32.0,16.0,110.0,101.0,True,HOME,Caesars Sportsbook (Colorado),-800,550,-12.0,208.0,MIN -12
401585474,2023-24,2024-02-29,regular-season,CHI,CLE,23.0,29.0,26.0,25.0,32.0,21.0,28.0,22.0,132.0,123.0,True,AWAY,Caesars Sportsbook (Colorado),185,-225,5.5,216.5,CLE -5.5
401585475,2023-24,2024-02-29,regular-season,DEN,SAC,28.0,37.0,35.0,17.0,35.0,20.0,17.0,24.0,117.0,96.0,True,HOME,Caesars Sportsbook (Colorado),-320,250,-7.5,231.5,DEN -7.5
401585476,2023-24,2024-02-29,regular-season,LAC,LAL,30.0,36.0,30.0,16.0,29.0,23.0,25.0,39.0,112.0,116.0,False,HOME,Caesars Sportsbook (Colorado),-145,122,-3.0,234.5,LAC -3
401585477,2023-24,2024-03-01,regular-season,CHA,MIL,25.0,26.0,23.0,25.0,35.0,35.0,22.0,19.0,99.0,111.0,False,AWAY,Caesars Sportsbook (Colorado),460,-650,11.5,219.0,MIL -11.5
401585478,2023-24,2024-03-01,regular-season,ORL,UTAH,29.0,24.0,27.0,35.0,21.0,30.0,31.0,25.0,115.0,107.0,True,HOME,Caesars Sportsbook (Colorado),-285,228,-7.0,225.0,ORL -7
401585479,2023-24,2024-03-01,regular-season,BKN,ATL,34.0,22.0,38.0,30.0,16.0,34.0,25.0,22.0,124.0,97.0,True,HOME,Caesars Sportsbook (Colorado),-120,100,-1.0,220.0,BKN -1
401585480,2023-24,2024-03-01,regular-season,NY,GS,19.0,27.0,24.0,29.0,31.0,24.0,25.0,30.0,99.0,110.0,False,AWAY,Caesars Sportsbook (Colorado),126,-150,4.0,223.5,GS -4
401585481,2023-24,2024-03-01,regular-season,SA,OKC,37.0,32.0,29.0,34.0,37.0,27.0,32.0,22.0,132.0,118.0,True,AWAY,Caesars Sportsbook (Colorado),430,-600,11.0,238.0,OKC -11
401585482,2023-24,2024-03-01,regular-season,PHX,HOU,33.0,31.0,22.0,24.0,17.0,36.0,22.0,30.0,110.0,105.0,True,HOME,Caesars Sportsbook (Colorado),-385,300,-8.5,231.5,PHX -8.5
401585483,2023-24,2024-03-01,regular-season,DEN,MIA,36.0,20.0,27.0,20.0,20.0,31.0,19.0,27.0,103.0,97.0,True,HOME,Caesars Sportsbook (Colorado),-278,222,-6.5,214.5,DEN -6.5
401585484,2023-24,2024-03-01,regular-season,LAL,WSH,31.0,39.0,29.0,27.0,34.0,35.0,26.0,31.0,134.0,131.0,True,HOME,Caesars Sportsbook (Colorado),-550,400,-10.0,245.5,LAL -10
401585485,2023-24,2024-03-02,regular-season,DET,CLE,24.0,24.0,22.0,30.0,32.0,31.0,28.0,19.0,100.0,110.0,False,AWAY,Caesars Sportsbook (Colorado),222,-278,7.0,219.0,CLE -7
401585486,2023-24,2024-03-02,regular-season,PHI,CHA,32.0,26.0,30.0,33.0,27.0,36.0,21.0,30.0,121.0,114.0,True,HOME,Caesars Sportsbook (Colorado),-700,500,-12.0,214.0,PHI -12
401585487,2023-24,2024-03-02,regular-season,BOS,DAL,38.0,28.0,36.0,36.0,32.0,27.0,31.0,20.0,138.0,110.0,True,HOME,Caesars Sportsbook (Colorado),-385,300,-9.0,238.0,BOS -9
401585488,2023-24,2024-03-02,regular-season,TOR,GS,31.0,33.0,19.0,22.0,28.0,33.0,32.0,27.0,105.0,120.0,False,AWAY,Caesars Sportsbook (Colorado),122,-145,2.5,236.0,GS -2.5
401585489,2023-24,2024-03-02,regular-season,MEM,POR,21.0,24.0,27.0,20.0,17.0,34.0,40.0,31.0,92.0,122.0,False,HOME,Caesars Sportsbook (Colorado),-115,-105,-1.0,208.0,MEM -1
401585490,2023-24,2024-03-02,regular-season,MIN,SAC,22.0,37.0,23.0,33.0,30.0,30.0,31.0,24.0,120.0,124.0,False,HOME,Caesars Sportsbook (Colorado),-345,270,-7.5,222.5,MIN -7.5
401585491,2023-24,2024-03-02,regular-season,NO,IND,48.0,29.0,31.0,21.0,26.0,30.0,16.0,30.0,129.0,102.0,True,HOME,Caesars Sportsbook (Colorado),-210,175,-5.5,239.0,NO -5.5
